-- phpMyAdmin SQL Dump
-- version 4.7.7
-- https://www.phpmyadmin.net/
--
-- Host: 127.0.0.1
-- Generation Time: Feb 25, 2019 at 09:15 AM
-- Server version: 10.1.30-MariaDB
-- PHP Version: 7.1.14

SET SQL_MODE = "NO_AUTO_VALUE_ON_ZERO";
SET AUTOCOMMIT = 0;
START TRANSACTION;
SET time_zone = "+00:00";


/*!40101 SET @OLD_CHARACTER_SET_CLIENT=@@CHARACTER_SET_CLIENT */;
/*!40101 SET @OLD_CHARACTER_SET_RESULTS=@@CHARACTER_SET_RESULTS */;
/*!40101 SET @OLD_COLLATION_CONNECTION=@@COLLATION_CONNECTION */;
/*!40101 SET NAMES utf8mb4 */;

--
-- Database: `rayeh`
--

-- --------------------------------------------------------

--
-- Table structure for table `admins`
--

CREATE TABLE `admins` (
  `id` int(11) NOT NULL,
  `name` varchar(300) NOT NULL,
  `username` varchar(200) NOT NULL,
  `password` varchar(200) NOT NULL,
  `mobile` varchar(200) DEFAULT NULL,
  `email` varchar(200) DEFAULT NULL,
  `is_super_admin` tinyint(1) NOT NULL DEFAULT '0',
  `created_at` timestamp NOT NULL DEFAULT CURRENT_TIMESTAMP ON UPDATE CURRENT_TIMESTAMP,
  `updated_at` timestamp NOT NULL DEFAULT '0000-00-00 00:00:00'
) ENGINE=InnoDB DEFAULT CHARSET=utf8;

--
-- Dumping data for table `admins`
--

INSERT INTO `admins` (`id`, `name`, `username`, `password`, `mobile`, `email`, `is_super_admin`, `created_at`, `updated_at`) VALUES
(1, 'مدير النظام', 'admin', '123123', NULL, NULL, 1, '2018-10-30 02:14:09', '0000-00-00 00:00:00'),
(2, 'أحمد1', 'أحمد', '123', '(059) 654-1155', 'admin@admin.com', 0, '2018-10-20 19:17:53', '2018-10-20 16:17:53'),
(3, 'تجربة', 'test', '$2y$10$UIEzp6mHd8l5G1MItmZv7uTZg6vrNgQdchpP0VSYBY1utmDrf2jUu', '(059) 654-1155', NULL, 0, '2018-11-25 15:31:03', '2018-11-25 13:31:03'),
(4, 'مدير النظام', 'admin@admin.com', '$2y$10$jgu2JqapSP/n0cuGtZJ9BOJYlmh2bMCUrQgD5YMnu.SNZsR1oKwIO', NULL, NULL, 0, '2018-11-25 15:30:13', '2018-11-25 13:30:13'),
(5, 'nepras', 'admin@admin', '123', NULL, NULL, 0, '2018-11-10 06:12:42', '2018-11-10 06:12:42'),
(6, 'amna', 'amna', '$2y$10$bQYmcLPf0PBXH9EXLnJ6BuHohFJ0A/2MnLPrcdpX7uJ0QoAN60u0K', '059', NULL, 0, '2018-12-26 17:22:11', '2018-12-26 17:22:11');

-- --------------------------------------------------------

--
-- Table structure for table `advertisments`
--

CREATE TABLE `advertisments` (
  `id` int(11) NOT NULL,
  `image` varchar(200) NOT NULL,
  `from_date` date DEFAULT NULL,
  `to_date` date DEFAULT NULL,
  `url` varchar(250) DEFAULT NULL,
  `mobile` varchar(50) DEFAULT NULL,
  `created_at` timestamp NOT NULL DEFAULT CURRENT_TIMESTAMP ON UPDATE CURRENT_TIMESTAMP,
  `updated_at` timestamp NOT NULL DEFAULT '0000-00-00 00:00:00'
) ENGINE=InnoDB DEFAULT CHARSET=utf8;

--
-- Dumping data for table `advertisments`
--

INSERT INTO `advertisments` (`id`, `image`, `from_date`, `to_date`, `url`, `mobile`, `created_at`, `updated_at`) VALUES
(2, '/images/_1541840594722.jpg', '2018-11-02', '2018-11-16', 'www', NULL, '2018-11-10 07:03:14', '2018-11-10 07:03:14'),
(3, '/images/_1542707260219.jpg', '2018-11-17', '2018-12-31', NULL, NULL, '2018-12-17 17:41:03', '2018-12-17 15:41:03'),
(4, '/images/_1545934468526.jpg', '2018-12-20', '2018-12-29', NULL, '0597667754', '2018-12-27 16:14:28', '2018-12-27 16:14:28');

-- --------------------------------------------------------

--
-- Table structure for table `carriers`
--

CREATE TABLE `carriers` (
  `id` int(11) NOT NULL,
  `order_id` int(11) NOT NULL,
  `date` date NOT NULL,
  `status_id` int(11) NOT NULL,
  `transfer_way_id` int(11) NOT NULL,
  `from_date` datetime NOT NULL,
  `to_date` datetime NOT NULL,
  `from_place` varchar(50) NOT NULL,
  `to_place` varchar(50) NOT NULL,
  `transfer_type` tinyint(1) NOT NULL,
  `people_count` int(5) DEFAULT NULL,
  `from_point_x` float NOT NULL,
  `to_point_x` float NOT NULL,
  `from_point_y` float NOT NULL,
  `to_point_y` float NOT NULL,
  `notes` text NOT NULL,
  `user_id` int(11) NOT NULL,
  `distance` float NOT NULL,
  `cancel_reason` text,
  `created_at` timestamp NOT NULL DEFAULT CURRENT_TIMESTAMP ON UPDATE CURRENT_TIMESTAMP,
  `updated_at` timestamp NOT NULL DEFAULT '0000-00-00 00:00:00'
) ENGINE=InnoDB DEFAULT CHARSET=utf8;

--
-- Dumping data for table `carriers`
--

INSERT INTO `carriers` (`id`, `order_id`, `date`, `status_id`, `transfer_way_id`, `from_date`, `to_date`, `from_place`, `to_place`, `transfer_type`, `people_count`, `from_point_x`, `to_point_x`, `from_point_y`, `to_point_y`, `notes`, `user_id`, `distance`, `cancel_reason`, `created_at`, `updated_at`) VALUES
(1, 1, '2018-10-23', 7, 2, '2018-10-26 00:00:00', '2018-10-31 00:00:00', 'جدة', 'مكة', 12, 5, 0, 0, 0, 0, '', 1, 500, '', '2019-01-15 06:44:10', '2019-01-15 04:44:10'),
(2, 2, '2018-10-16', 8, 2, '2018-10-31 00:00:00', '2018-11-30 00:00:00', 'دبي', 'لوس انجلوس', 13, 0, 0, 0, 0, 0, '', 2, 50, NULL, '2018-12-29 18:08:02', '0000-00-00 00:00:00');

-- --------------------------------------------------------

--
-- Table structure for table `carriers_orders`
--

CREATE TABLE `carriers_orders` (
  `id` int(11) NOT NULL,
  `user_id` int(11) NOT NULL,
  `from_date` date DEFAULT NULL,
  `to_date` date DEFAULT NULL,
  `status_id` tinyint(1) DEFAULT NULL,
  `carrier_id` int(11) NOT NULL,
  `price` int(11) NOT NULL,
  `notes` text,
  `created_at` timestamp NOT NULL DEFAULT CURRENT_TIMESTAMP ON UPDATE CURRENT_TIMESTAMP,
  `updated_at` timestamp NOT NULL DEFAULT '0000-00-00 00:00:00'
) ENGINE=InnoDB DEFAULT CHARSET=utf8;

--
-- Dumping data for table `carriers_orders`
--

INSERT INTO `carriers_orders` (`id`, `user_id`, `from_date`, `to_date`, `status_id`, `carrier_id`, `price`, `notes`, `created_at`, `updated_at`) VALUES
(1, 2, '2018-10-26', '2018-10-31', NULL, 1, 0, '', '2019-01-15 06:44:52', '2019-01-15 04:44:52'),
(2, 3, '2018-11-01', '2018-10-27', 2, 1, 0, '', '2018-11-20 07:14:59', '0000-00-00 00:00:00'),
(3, 1, NULL, NULL, 1, 1, 50, NULL, '2019-01-12 01:50:54', '2019-01-12 01:50:54'),
(4, 1, NULL, NULL, 1, 1, 50, NULL, '2019-01-12 01:57:22', '2019-01-12 01:57:22'),
(5, 1, NULL, NULL, 1, 1, 40, NULL, '2019-01-12 02:07:30', '2019-01-12 02:07:30'),
(6, 1, NULL, NULL, 1, 1, 40, NULL, '2019-01-12 02:19:56', '2019-01-12 02:19:56'),
(7, 1, NULL, NULL, 1, 1, 40, NULL, '2019-01-12 02:20:51', '2019-01-12 02:20:51'),
(8, 1, NULL, NULL, 1, 1, 40, 'ppp', '2019-01-12 02:21:09', '2019-01-12 02:21:09'),
(9, 1, NULL, NULL, 1, 1, 40, '', '2019-01-12 02:21:20', '2019-01-12 02:21:20'),
(10, 1, NULL, NULL, 1, 1, 40, '', '2019-01-15 04:31:33', '2019-01-15 04:31:33'),
(11, 1, NULL, NULL, 1, 1, 40, '', '2019-01-15 04:40:50', '2019-01-15 04:40:50');

-- --------------------------------------------------------

--
-- Table structure for table `city`
--

CREATE TABLE `city` (
  `CityId` int(11) NOT NULL,
  `Name` varchar(300) NOT NULL,
  `EnglishName` varchar(300) NOT NULL,
  `OrderNum` int(11) NOT NULL,
  `CountryId` int(11) NOT NULL,
  `name3` varchar(300) NOT NULL,
  `name4` varchar(300) NOT NULL,
  `name5` varchar(300) NOT NULL
) ENGINE=InnoDB DEFAULT CHARSET=utf8;

--
-- Dumping data for table `city`
--

INSERT INTO `city` (`CityId`, `Name`, `EnglishName`, `OrderNum`, `CountryId`, `name3`, `name4`, `name5`) VALUES
(2026, 'مكة المكرمة', 'EnglishName', 2, 1, '', '', ''),
(2027, 'المدينة المنورة', 'Media', 3, 1, '', '', ''),
(2028, 'الرياض', 'Riyadh', 4, 1, '', '', ''),
(2029, 'جدة', 'Jeddah', 5, 1, '', '', ''),
(2030, 'الدمام', 'Dammam', 6, 1, '', '', ''),
(2031, 'جازان', 'jaza', 7, 1, '', '', ''),
(2032, 'الهفوف', 'Hofuf', 8, 1, '', '', ''),
(2033, 'الطائف', 'Taif', 9, 1, '', '', ''),
(2034, 'الجبيل', 'Jubail', 10, 1, '', '', ''),
(2035, 'تبوك', 'Tabuk', 11, 1, '', '', ''),
(2036, 'ينبع', 'Yabu', 12, 1, '', '', ''),
(2037, 'أبها', 'Abha', 13, 1, '', '', ''),
(2038, 'حائل', 'Hail', 14, 1, '', '', ''),
(2039, 'بريدة', 'Buraidah', 15, 1, '', '', ''),
(2040, 'عنيزة', 'Uaizah', 16, 1, '', '', ''),
(2041, 'نجران', 'ajra', 17, 1, '', '', ''),
(2042, 'عرعر', 'Arar', 18, 1, '', '', ''),
(2043, 'البدايع-القصيم', 'Al-Qassim Provice\r\nAl-Qassim Provice\r\nAl-Qassim', 19, 1, '', '', ''),
(2044, 'الاثنين', 'alethai', 20, 1, '', '', ''),
(2045, 'الارطاوية', 'Al Artaweeiyah', 21, 1, '', '', ''),
(2046, 'الأسياح', 'Alosaah', 22, 1, '', '', ''),
(2047, 'الباحة', 'Al Bahah', 23, 1, '', '', ''),
(2048, 'البتراء', 'Petra', 24, 1, '', '', ''),
(2049, 'البدع', 'Al Bid', 25, 1, '', '', ''),
(2050, 'البطحاء', 'Batha', 26, 1, '', '', ''),
(2051, 'البكيرية', 'Bukayriyah', 27, 1, '', '', ''),
(2052, 'التوبي', 'Tobi', 28, 1, '', '', ''),
(2053, 'التوضيحية', 'attawdaiheyyah', 29, 1, '', '', ''),
(2054, 'الثقبة', 'AlThuqbah', 30, 1, '', '', ''),
(2055, 'الجعرانة', 'Aljaraa', 31, 1, '', '', ''),
(2056, 'الجعيمة', 'Juaymah', 32, 1, '', '', ''),
(2057, 'الجموم', 'Al Jumum', 33, 1, '', '', ''),
(2058, 'الجوف', 'Al Jawf', 34, 1, '', '', ''),
(2059, 'الحاير', 'alHair', 35, 1, '', '', ''),
(2060, 'الحديثة', 'AlHaditha', 36, 1, '', '', ''),
(2061, 'الحرث', 'harth', 37, 1, '', '', ''),
(2062, 'الحرجة', 'Al Harajah', 38, 1, '', '', ''),
(2063, 'الحريق', 'AlHarq', 39, 1, '', '', ''),
(2064, 'الحلوة', 'Al Hilwah', 40, 1, '', '', ''),
(2065, 'الحناكية', 'Hiakiyah', 41, 1, '', '', ''),
(2066, 'الحوية', 'Hawiye', 42, 1, '', '', ''),
(2067, 'الخبر', 'Khobar', 43, 1, '', '', ''),
(2068, 'الخرج', 'AlKharj', 44, 1, '', '', ''),
(2069, 'الخرخير', 'alkherkhair', 45, 1, '', '', ''),
(2070, 'الخرسانية', 'alqarsaiyyah', 46, 1, '', '', ''),
(2071, 'الخرمة', 'Kherma', 47, 1, '', '', ''),
(2072, 'الخفجي', 'Khafji', 48, 1, '', '', ''),
(2073, 'الخماسين', 'Al Khamasi', 49, 1, '', '', ''),
(2074, 'الدائر', 'Eddaïer', 50, 1, '', '', ''),
(2075, 'الدرب', 'Ad Darb', 51, 1, '', '', ''),
(2076, 'الدرعية', 'Diriyah', 52, 1, '', '', ''),
(2077, 'الدلم', 'addilam', 53, 1, '', '', ''),
(2078, 'الدوادمي', 'Dawadmi', 54, 1, '', '', ''),
(2079, 'الرس', 'Rass', 55, 1, '', '', ''),
(2080, 'الرقعي', 'Riggae', 56, 1, '', '', ''),
(2081, 'الريث', 'Rit', 57, 1, '', '', ''),
(2082, 'الزلفي', 'Al Zulfi', 58, 1, '', '', ''),
(2083, 'السفانية', 'Safaiya', 59, 1, '', '', ''),
(2084, 'السليل', 'As Sulayyil', 60, 1, '', '', ''),
(2085, 'الشماسية', 'Ash Shimasiyah', 61, 1, '', '', ''),
(2086, 'الشنانحائل', 'Ash Shia', 62, 1, '', '', ''),
(2087, 'الشيحية بالصمان', 'Ash Shihiyah', 63, 1, '', '', ''),
(2088, 'الصرار', 'As Sarrar', 64, 1, '', '', ''),
(2089, 'الضبيعة', 'Ad Dubayah', 65, 1, '', '', ''),
(2090, 'الطرف', 'At Taraf', 66, 1, '', '', ''),
(2091, 'الطوال', 'At Tawwal', 67, 1, '', '', ''),
(2092, 'الظبية', 'Az Zabyah', 68, 1, '', '', ''),
(2093, 'الظهران', 'Az Zahra', 69, 1, '', '', ''),
(2094, 'العارضة', 'Al Aridah', 70, 1, '', '', ''),
(2095, 'العثمانية', 'Al Uthmaiyah', 71, 1, '', '', ''),
(2096, 'العضيلية', 'Al Udayliyah', 72, 1, '', '', ''),
(2097, 'العقيق', 'Al Aqiq', 73, 1, '', '', ''),
(2098, 'العلا', 'Al Ula', 74, 1, '', '', ''),
(2099, 'العيدابي', 'Al Aydabi', 75, 1, '', '', ''),
(2100, 'العيون', 'Al Uyu', 76, 1, '', '', ''),
(2101, 'العيينة', 'Aluyayah', 77, 1, '', '', ''),
(2102, 'الغاط', 'Al Ghat', 78, 1, '', '', ''),
(2103, 'الجعيمة', 'Juaymah', 79, 1, '', '', ''),
(2104, 'الغويبة', 'Al Ghuwaybah', 80, 1, '', '', ''),
(2105, 'الفوارة', 'Al Fawwarah', 81, 1, '', '', ''),
(2106, 'القرى', 'Al Qari', 82, 1, '', '', ''),
(2107, 'القريات', 'Al Qurayyat', 83, 1, '', '', ''),
(2108, 'التوبي', 'Tobi', 84, 1, '', '', ''),
(2109, 'القنفذة', 'Al Qufidhah', 85, 1, '', '', ''),
(2110, 'القويعية', 'Al Quwayiyah', 86, 1, '', '', ''),
(2111, 'القياس', 'Al Qayyas', 87, 1, '', '', ''),
(2112, 'القيصومة', 'Al Qaysumah', 88, 1, '', '', ''),
(2113, 'الكامل', 'Al Kamil', 89, 1, '', '', ''),
(2114, 'الليث', 'Al Lith', 90, 1, '', '', ''),
(2115, 'المبرز', 'Al Mubarraz', 91, 1, '', '', ''),
(2116, 'القنفذة', 'Al Qufidhah', 92, 1, '', '', ''),
(2117, 'المجمعة', 'Al Majmaah', 93, 1, '', '', ''),
(2118, 'المخواة', 'Al Mukhwah', 94, 1, '', '', ''),
(2119, 'المذنب', 'Al Madhab', 95, 1, '', '', ''),
(2120, 'المزاحمية', 'Al Muzahimiyah', 96, 1, '', '', ''),
(2121, 'المطيرفي', 'Al Mutayrifi', 97, 1, '', '', ''),
(2122, 'المظيلف', 'Al Muzaylif', 98, 1, '', '', ''),
(2123, 'المندق', 'Al Madaq', 99, 1, '', '', ''),
(2124, 'المنيزلة', 'Al Muayzilah', 100, 1, '', '', ''),
(2125, 'المويه', 'Al Muwayh', 101, 1, '', '', ''),
(2126, 'النابية', 'A abiyah', 102, 1, '', '', ''),
(2127, 'النبك أبو قصر', 'A abk Abu Qasr', 103, 1, '', '', ''),
(2128, 'البتراء', 'Petra', 104, 1, '', '', ''),
(2129, 'النعيرية', 'A aghayriyah', 105, 1, '', '', ''),
(2130, 'النماص', 'A amas', 106, 1, '', '', ''),
(2131, 'التوضيحية', 'attawdaiheyyah', 107, 1, '', '', ''),
(2132, 'الوجه', 'Al Wajh', 108, 1, '', '', ''),
(2133, 'أبحر', 'abhur', 109, 1, '', '', ''),
(2134, 'أبو حدرية', 'Abu Hudayriyah', 110, 1, '', '', ''),
(2135, 'أبوعريش', 'Abu Arish', 111, 1, '', '', ''),
(2136, 'المنيزلة', 'Al Muayzilah', 112, 1, '', '', ''),
(2137, 'أحد المسارحة', 'ahad almasarihah', 113, 1, '', '', ''),
(2138, 'أحد رفيدة', 'Ahad Rifaydah', 114, 1, '', '', ''),
(2139, 'أملج', 'Umluj', 115, 1, '', '', ''),
(2140, 'بلجرشي', 'Biljurashi', 116, 1, '', '', ''),
(2141, 'بحره', 'Bahrah', 117, 1, '', '', ''),
(2142, 'بدر', 'Badr', 118, 1, '', '', ''),
(2143, 'بدرالجنوب', 'Badr Al Jaub', 119, 1, '', '', ''),
(2144, 'بقعاء', 'Baqa', 120, 1, '', '', ''),
(2145, 'بقيق', 'buqayq', 121, 1, '', '', ''),
(2146, 'بيش', 'Bish', 122, 1, '', '', ''),
(2147, 'بيشة', 'Bishah', 123, 1, '', '', ''),
(2148, 'بيضاء نثيل', 'Bayda athil', 124, 1, '', '', ''),
(2149, 'تاروت', 'Tarut', 125, 1, '', '', ''),
(2150, 'تثليث', 'Tathlith', 126, 1, '', '', ''),
(2151, 'تربة', 'Turabah', 127, 1, '', '', ''),
(2152, 'تمير', 'Tumayr', 128, 1, '', '', ''),
(2153, 'تيماء', 'Tayma', 129, 1, '', '', ''),
(2154, 'ثادق', 'Thadij', 130, 1, '', '', ''),
(2155, 'ثار', 'Thar', 131, 1, '', '', ''),
(2156, 'جليجلة', 'Jilayyilah', 132, 1, '', '', ''),
(2157, 'جودة', 'Judah', 133, 1, '', '', ''),
(2158, 'حاكمة', 'Hakimah', 134, 1, '', '', ''),
(2159, 'حالة عمار', 'Halat Ammar', 135, 1, '', '', ''),
(2160, 'حبونا', 'Hubua', 136, 1, '', '', ''),
(2161, 'التوضيحية', 'attawdaiheyyah', 137, 1, '', '', ''),
(2162, 'حرمه', 'Harmah', 138, 1, '', '', ''),
(2163, 'حريملاء', 'Huraymila', 139, 1, '', '', ''),
(2164, 'تبوك', 'Tabuk', 140, 1, '', '', ''),
(2165, 'حقل', 'Haqil', 141, 1, '', '', ''),
(2166, 'حلبان', 'Halaba', 142, 1, '', '', ''),
(2167, 'حلة محيش', 'hullat mheesh', 143, 1, '', '', ''),
(2168, 'حنيذ', 'haaith', 144, 1, '', '', ''),
(2169, 'حوطة بني تميم', 'Hawtat Bai Tamim', 145, 1, '', '', ''),
(2170, 'حوطة سدير', 'Hawtat Sudayr', 146, 1, '', '', ''),
(2171, 'حريملاء', 'Huraymila', 147, 1, '', '', ''),
(2172, 'خليص', 'Khulais', 148, 1, '', '', ''),
(2173, 'خميس مشيط', 'Khamis Mushayt', 149, 1, '', '', ''),
(2174, 'تمير', 'Tumayr', 150, 1, '', '', ''),
(2175, 'حلة محيش', 'hullat mheesh', 151, 1, '', '', ''),
(2176, 'الجوف', 'Al Jawf', 152, 1, '', '', ''),
(2177, 'رابغ', 'Rabigh', 153, 1, '', '', ''),
(2178, 'رأس تنورة', 'Ras Taura', 154, 1, '', '', ''),
(2179, 'رجال ألمع', 'Rijal Al Ma', 155, 1, '', '', ''),
(2180, 'رحيمة', 'Rahimah', 156, 1, '', '', ''),
(2181, 'رضوان', 'Radwa', 157, 1, '', '', ''),
(2182, 'رغدان', 'Raghda', 158, 1, '', '', ''),
(2183, 'رفحاء', 'Rafha', 159, 1, '', '', ''),
(2184, 'رماح', 'Rumah', 160, 1, '', '', ''),
(2185, 'رنية', 'Rayah', 161, 1, '', '', ''),
(2186, 'رياض الخبراء', 'Riyad Al Khabra', 162, 1, '', '', ''),
(2187, 'زلوم', 'Zallum', 163, 1, '', '', ''),
(2188, 'ساجر', 'Sajir', 164, 1, '', '', ''),
(2189, 'سبت العلايا', 'sapt alalaya', 165, 1, '', '', ''),
(2190, 'سراة عبيدة', 'Sarat Abidah', 166, 1, '', '', ''),
(2191, 'سعد', 'Sadah', 167, 1, '', '', ''),
(2192, 'سكاكا', 'Sakaka', 168, 1, '', '', ''),
(2193, 'الدوادمي', 'Dawadmi', 169, 1, '', '', ''),
(2194, 'سلوى', 'Salwa', 170, 1, '', '', ''),
(2195, 'سيهات', 'Sayhat', 171, 1, '', '', ''),
(2196, 'شاطئ نصف القمر', 'Half Moo Beach', 172, 1, '', '', ''),
(2197, 'شدقم', 'Shadqam', 173, 1, '', '', ''),
(2198, 'شرورة', 'Sharurah', 174, 1, '', '', ''),
(2199, 'الغويبة', 'Al Ghuwaybah', 175, 1, '', '', ''),
(2200, 'صامطة', 'Samtah', 176, 1, '', '', ''),
(2201, 'صبياء', 'Sabya', 177, 1, '', '', ''),
(2202, 'صفوى', 'Safwa', 178, 1, '', '', ''),
(2203, 'صلبوخ', 'Sulbukh', 179, 1, '', '', ''),
(2204, 'صوير', 'Suwayr', 180, 1, '', '', ''),
(2205, 'ضباء', 'Duba', 181, 1, '', '', ''),
(2206, 'ضرما', 'Duruma', 182, 1, '', '', ''),
(2207, 'ضمد', 'Damad', 183, 1, '', '', ''),
(2208, 'طبرجل', 'Tubarjal', 184, 1, '', '', ''),
(2209, 'طريف', 'Turayf', 185, 1, '', '', ''),
(2210, 'ظهران الجنوب', 'Zahra Al Jaub', 186, 1, '', '', ''),
(2211, 'عرقة', 'Irqah', 187, 1, '', '', ''),
(2212, 'عسفان', 'Isfa', 188, 1, '', '', ''),
(2213, 'عشيرة', 'Isharah', 189, 1, '', '', ''),
(2214, 'عفيف', 'Afif', 190, 1, '', '', ''),
(2215, 'عقلة الصقور', 'Uqlat as Suqur', 191, 1, '', '', ''),
(2216, 'عمق', 'Amaq', 192, 1, '', '', ''),
(2217, 'عنك', 'Iak', 193, 1, '', '', ''),
(2218, 'عين دار', 'Ay Dar', 194, 1, '', '', ''),
(2219, 'عيون الجواء', 'Uyu Al Jiwa', 195, 1, '', '', ''),
(2220, 'غزلان', 'Ghuzla', 196, 1, '', '', ''),
(2221, 'فرسان', 'Farasa', 197, 1, '', '', ''),
(2222, 'البتراء', 'Petra', 198, 1, '', '', ''),
(2223, 'قرية العليا', 'Qaryat Al Ulya', 199, 1, '', '', ''),
(2224, 'قلوة', 'Qilwah', 200, 1, '', '', ''),
(2225, 'ليلى', 'Layla', 201, 1, '', '', ''),
(2226, 'محايل', 'Muhayil', 202, 1, '', '', ''),
(2227, 'مرات', 'MARAT', 203, 1, '', '', ''),
(2228, 'مهدالذهب', 'Mahd adh Dhahab', 204, 1, '', '', ''),
(2229, 'ميناء العقير', 'port uqair', 205, 1, '', '', ''),
(2230, 'ميناء قرية', 'port  qurayyah', 206, 1, '', '', ''),
(2231, 'يدمة', 'Edmh', 207, 1, '', '', ''),
(2232, 'يكرب', 'yakrib', 208, 1, '', '', ''),
(2233, 'الدوحة', 'Doha', 209, 2, '', '', ''),
(2234, 'الوكرة', 'Al Wakrah', 210, 2, '', '', ''),
(2235, 'دخان', 'Dukha', 211, 2, '', '', ''),
(2236, 'أم سيعيد', 'Umm Said', 212, 2, '', '', ''),
(2237, 'أم صلال', 'Umm Salal', 213, 2, '', '', ''),
(2238, 'الشمال', 'ash Shamal', 214, 2, '', '', ''),
(2239, 'الخور', 'al Khawr', 215, 2, '', '', ''),
(2240, 'الكرعانة', 'Al Kiraah', 216, 2, '', '', ''),
(2241, 'الشحانية', 'Ash Shahaiyah', 217, 2, '', '', ''),
(2242, 'أبو ثيلة', 'Abu Thaylah', 218, 2, '', '', ''),
(2243, 'أبو سمرة', 'Abu Samrah', 219, 2, '', '', ''),
(2244, 'أم باب', 'Umm Bab', 220, 2, '', '', ''),
(2245, 'أم قرن', 'Umm Qar', 221, 2, '', '', ''),
(2246, 'أم وشاح', 'Umm Wishah', 222, 2, '', '', ''),
(2247, 'جزيرة الأسحاط', 'Jazirat al Ashat', 223, 2, '', '', ''),
(2248, 'جزيرة البشيرية', 'Jazirat al Bushayriyah', 224, 2, '', '', ''),
(2249, 'جزيرة السافلية', 'Al Jazirah as Safiliyah', 225, 2, '', '', ''),
(2250, 'الخريطيات', 'Al Kharitiyat', 226, 2, '', '', ''),
(2251, 'الدوحة الجديدة', 'Ad Dawhah al Jadidah', 227, 2, '', '', ''),
(2252, 'الرشيدة', 'Ar Rashidah', 228, 2, '', '', ''),
(2253, 'الريان', 'Ar Rayya', 229, 2, '', '', ''),
(2254, 'السيلية', 'As Sayliyah', 230, 2, '', '', ''),
(2255, 'العديد', 'al `Udayd', 231, 2, '', '', ''),
(2256, 'العطورية', 'Al Aturiyah', 232, 2, '', '', ''),
(2257, 'الغارية', 'Al Ghariyah', 233, 2, '', '', ''),
(2258, 'الغرافة', 'Al Gharrafah', 234, 2, '', '', ''),
(2259, 'الغويرية', 'al Ghuwayriyah', 235, 2, '', '', ''),
(2260, 'الكعبان', 'al Ka`ba', 236, 2, '', '', ''),
(2261, 'النصرانية', 'A asraiyah', 237, 2, '', '', ''),
(2262, 'الوعب', 'Al Wab', 238, 2, '', '', ''),
(2263, 'راس لفان', 'Ras Laffa', 239, 2, '', '', ''),
(2264, 'سمسمة', 'Simsimah', 240, 2, '', '', ''),
(2265, 'سمسمية', 'Sumaysimah', 241, 2, '', '', ''),
(2266, 'قطيفان', 'Qutayfa', 242, 2, '', '', ''),
(2267, 'مركز سوداء نثيل', 'Markaz Sawdaa athil', 243, 2, '', '', ''),
(2268, 'مركز عقلة المناصير', 'Markaz `Uqlat al Maasir', 244, 2, '', '', ''),
(2269, 'مسيعيد', 'Mesaieed', 245, 2, '', '', ''),
(2270, 'معيذر', 'Mu`aydhir', 246, 2, '', '', ''),
(2271, 'أبوظبي', 'AbuDhabi', 247, 3, '', '', ''),
(2272, 'دبي', 'Dubai', 248, 3, '', '', ''),
(2273, 'الشارقة', 'Sharjah', 249, 3, '', '', ''),
(2274, 'عجمان', 'Ajma', 250, 3, '', '', ''),
(2275, 'رأسالخيمة', 'RasAlKhaimah', 251, 3, '', '', ''),
(2276, 'أمالقيوين', 'UmmalQayway', 252, 3, '', '', ''),
(2277, 'الفجيرة', 'Fujairah', 253, 3, '', '', ''),
(2278, 'العين', 'AlAi', 254, 3, '', '', ''),
(2279, 'خورفكان', 'KhawrFakka', 255, 3, '', '', ''),
(2280, 'أبوالأبيض', 'AbualAbyad', 256, 3, '', '', ''),
(2281, 'أم الحصن', 'Umm al His', 257, 3, '', '', ''),
(2282, 'بنيياس', 'BaiYas', 258, 3, '', '', ''),
(2283, 'بوحصاة', 'Buhasa', 259, 3, '', '', ''),
(2284, 'جبل الظنة', 'Jabal addaah', 260, 3, '', '', ''),
(2285, 'جبلعلي', 'JabalAli', 261, 3, '', '', ''),
(2286, 'جزيرةأمالنار', 'JaziratUmmaar', 262, 3, '', '', ''),
(2287, 'جزيرة داس', 'Jazerat Das', 263, 3, '', '', ''),
(2288, 'جزيرةدلما', 'Dalma', 264, 3, '', '', ''),
(2289, 'حالةحنيور', 'HalatHayurah', 265, 3, '', '', ''),
(2290, 'حبشان', 'Habsha', 266, 3, '', '', ''),
(2291, 'حتا', 'Hatta', 267, 3, '', '', ''),
(2292, 'الحمرانية', 'AlHamraiyah', 268, 3, '', '', ''),
(2293, 'الحمرية', 'AlHamriyah', 269, 3, '', '', ''),
(2294, 'الختم', 'AlKhatim', 270, 3, '', '', ''),
(2295, 'الخزنة', 'AlKhazah', 271, 3, '', '', ''),
(2296, 'خطمة ملاحة', 'Khatmat Malahah', 272, 3, '', '', ''),
(2297, 'الخوانيج', 'alKhawaiq', 273, 3, '', '', ''),
(2298, 'الرمس', 'ArRams', 274, 3, '', '', ''),
(2299, 'رول دبا', 'Rul Deba', 275, 3, '', '', ''),
(2300, 'الرويس', 'ArRuways', 276, 3, '', '', ''),
(2301, 'الساد', 'As Sadd', 277, 3, '', '', ''),
(2302, 'السلع', 'As sela', 278, 3, '', '', ''),
(2303, 'السمحة', 'AsSamhah', 279, 3, '', '', ''),
(2304, 'سويحان', 'Suwayha', 280, 3, '', '', ''),
(2305, 'الشعم', 'AshSham', 281, 3, '', '', ''),
(2306, 'الشهامة', 'As Shahamah', 282, 3, '', '', ''),
(2307, 'صيربنيياس', 'SirBaiYas', 283, 3, '', '', ''),
(2308, 'صيربونعير', 'SirBuuayr', 284, 3, '', '', ''),
(2309, 'طريف', 'Tarif', 285, 3, '', '', ''),
(2310, 'الفقع', 'AlFaqa', 286, 3, '', '', ''),
(2311, 'عرادة', 'Aradah', 287, 3, '', '', ''),
(2312, 'كلبا', 'Kalba', 288, 3, '', '', ''),
(2313, 'ليوا', 'Liwa', 289, 3, '', '', ''),
(2314, 'المرفا', 'AlMarfaa', 290, 3, '', '', ''),
(2315, 'مدينةزايد', 'MadiatZayid', 291, 3, '', '', ''),
(2316, 'مسافي', 'Masafi', 292, 3, '', '', ''),
(2317, 'المفرق', 'AlMafraq', 293, 3, '', '', ''),
(2318, 'المنامة', 'AlMaamah', 294, 3, '', '', ''),
(2319, 'الهباب', 'al Hibab', 295, 3, '', '', ''),
(2320, 'الوثبة', 'Al Wathbah', 296, 3, '', '', ''),
(2321, 'الكويت', 'Al Kuwait', 297, 4, '', '', ''),
(2322, 'السالمية', 'As Salimiyah', 298, 4, '', '', ''),
(2323, 'الشيوخ', 'ash Shuwaykh', 299, 4, '', '', ''),
(2324, 'حولي', 'Hawalli', 300, 4, '', '', ''),
(2325, 'الفروانية', 'al Farwaiyah', 301, 4, '', '', ''),
(2326, 'الجهراء', 'Al Jahra', 302, 4, '', '', ''),
(2327, 'الفحيحيل', 'Al Fuhayhil', 303, 4, '', '', ''),
(2328, 'على السالم', 'Ali as Salim', 304, 4, '', '', ''),
(2329, 'العبدلي', 'al Abdali', 305, 4, '', '', ''),
(2330, 'السالمي', 'as Salmi', 306, 4, '', '', ''),
(2331, 'الوفرة', 'Al Wafrah', 307, 4, '', '', ''),
(2332, 'أبو حليفة', 'Abu Hulayfah', 308, 4, '', '', ''),
(2333, 'الأحمدي', 'al Ahmadi', 309, 4, '', '', ''),
(2334, 'أم صفق', 'Umm Safq', 310, 4, '', '', ''),
(2335, 'أم قدير', 'Umm Qudayr', 311, 4, '', '', ''),
(2336, 'أم نقاء', 'Umm iqqa', 312, 4, '', '', ''),
(2337, 'أمغرة', 'Amgharah', 313, 4, '', '', ''),
(2338, 'الأندلس', 'alAdalus', 314, 4, '', '', ''),
(2339, 'بيان', 'Baya', 315, 4, '', '', ''),
(2340, 'الجابرية', 'Al Jabiriyah', 316, 4, '', '', ''),
(2341, 'الحماطيات', 'al Hamatiyat', 317, 4, '', '', ''),
(2342, 'الخالدية', 'Al Khalidiyah', 318, 4, '', '', ''),
(2343, 'الخيران', 'Al Khira', 319, 4, '', '', ''),
(2344, 'خيطان', 'Khayta', 320, 4, '', '', ''),
(2345, 'جابر العلي', 'JaberalAli', 321, 4, '', '', ''),
(2346, 'جزيرة أم المرادم', 'Jazirat Umm al Maradim', 322, 4, '', '', ''),
(2347, 'جزيرة أم النمل', 'Jazirat Umm a aml', 323, 4, '', '', ''),
(2348, 'جزيرة بوبيان', 'Jazirat Bubiya', 324, 4, '', '', ''),
(2349, 'جزيرة عوهه', 'Jazirat Awhah', 325, 4, '', '', ''),
(2350, 'جزيرة فيلكا', 'Jazirat Faylaka', 326, 4, '', '', ''),
(2351, 'جزيرة قاروه', 'Jazirat Qaruh', 327, 4, '', '', ''),
(2352, 'جزيرة كبّر', 'Jazirat Kubbar', 328, 4, '', '', ''),
(2353, 'جزيرة مسكان', 'Jazirat Miska', 329, 4, '', '', ''),
(2354, 'جزيرة وربة', 'Jazirat Warbah', 330, 4, '', '', ''),
(2355, 'جليب الشيوخ', 'Jalib ash Shuyukh', 331, 4, '', '', ''),
(2356, 'جنوب السرة', 'Jaub as Surrah', 332, 4, '', '', ''),
(2357, 'الدسمة', 'Ad Dasmah', 333, 4, '', '', ''),
(2358, 'الدعية', 'Ad Da`iyah', 334, 4, '', '', ''),
(2359, 'الدوحة', 'Ad Dawhah', 335, 4, '', '', ''),
(2360, 'الرابية', 'Ar Rabiyah', 336, 4, '', '', ''),
(2361, 'الرقة', 'Ar Riqqah', 337, 4, '', '', ''),
(2362, 'الرقعي', 'ar-Riqaay', 338, 4, '', '', ''),
(2363, 'الرميثية', 'Ar Rumaythiyah', 339, 4, '', '', ''),
(2364, 'الروضة', 'Ar Rawdah', 340, 4, '', '', ''),
(2365, 'الروضتين', 'Ar Rawdatay', 341, 4, '', '', ''),
(2366, 'الري', 'Ar Rayy', 342, 4, '', '', ''),
(2367, 'الزور', 'Az Zawr', 343, 4, '', '', ''),
(2368, 'الشامية', 'Ash Shamiyah', 344, 4, '', '', ''),
(2369, 'الشدادية', 'ash Shadadiyah', 345, 4, '', '', ''),
(2370, 'الشعب', 'Ash Sha`b', 346, 4, '', '', ''),
(2371, 'الصباحية', 'As Sabahiyah', 347, 4, '', '', ''),
(2372, 'الصبية', 'as Sabiyah', 348, 4, '', '', ''),
(2373, 'الصليبية', 'As Sulaybiyah', 349, 4, '', '', ''),
(2374, 'الصليبيخات', 'As Sulaybikhat', 350, 4, '', '', ''),
(2375, 'الضباعية', 'Ad Duba`iyah', 351, 4, '', '', ''),
(2376, 'الظهر', 'az?-Z?ahar', 352, 4, '', '', ''),
(2377, 'العارضية', 'Al `Aridiyah', 353, 4, '', '', ''),
(2378, 'العبدلية', 'Al Abdaliyah', 354, 4, '', '', ''),
(2379, 'العديلية', 'Al Udayliyah', 355, 4, '', '', ''),
(2380, 'العقيلة', 'Al `Uqaylah', 356, 4, '', '', ''),
(2381, 'العمرية', 'Al `Umariyah', 357, 4, '', '', ''),
(2382, 'العيون', 'al-aUyaw', 358, 4, '', '', ''),
(2383, 'الفردوس', 'al-Fardaws', 359, 4, '', '', ''),
(2384, 'الفنطاس', 'Al Fitas', 360, 4, '', '', ''),
(2385, 'الفنيطيس', 'Al Fuaytis', 361, 4, '', '', ''),
(2386, 'الفوارس', 'al Fawaris', 362, 4, '', '', ''),
(2387, 'الفيحاء', 'Al Fayhaa', 363, 4, '', '', ''),
(2388, 'القادسية', 'Al Qadisiyah', 364, 4, '', '', ''),
(2389, 'القرين', 'al Quray', 365, 4, '', '', ''),
(2390, 'القصر', 'al Qasr', 366, 4, '', '', ''),
(2391, 'سلوى', 'Salwa', 367, 4, '', '', ''),
(2392, 'صباح السالم', 'Sabah as Salim', 368, 4, '', '', ''),
(2393, 'صباح الناصر', '?ab?h?-a-??r', 369, 4, '', '', ''),
(2394, 'صبحان', 'abh', 370, 4, '', '', ''),
(2395, 'عبد الله السالم', '`Abd Allah as Salim', 371, 4, '', '', ''),
(2396, 'عريفجان', 'Urayfija', 372, 4, '', '', ''),
(2397, 'غرناطة', 'Gar?tah', 373, 4, '', '', ''),
(2398, 'قرطبة', 'Qurtubah', 374, 4, '', '', ''),
(2399, 'كاظمة', 'Kazimah', 375, 4, '', '', ''),
(2400, 'كبد', 'Kabd', 376, 4, '', '', ''),
(2401, 'كيفان', 'Kayfa', 377, 4, '', '', ''),
(2402, 'المسيلة', 'Al Masilah', 378, 4, '', '', ''),
(2403, 'مشرف', 'Mushrif', 379, 4, '', '', ''),
(2404, 'مطار الكويت الدولي', 'Kuwait Iteratioalairport', 380, 4, '', '', ''),
(2405, 'المنصورية', 'Al Masuriyah', 381, 4, '', '', ''),
(2406, 'المنقف', 'Al Maqaf', 382, 4, '', '', ''),
(2407, 'المهبولة', 'Al Mahbulah', 383, 4, '', '', ''),
(2408, 'ميناء الأحمدي', 'Miaa al Ahmadi', 384, 4, '', '', ''),
(2409, 'ميناء الدوحة', 'Miaa ad Dawhah', 385, 4, '', '', ''),
(2410, 'ميناء الشعيبة', 'Mia ash Shuaybah', 386, 4, '', '', ''),
(2411, 'ميناء الشويخ', 'Miaa ash Shuwaykh', 387, 4, '', '', ''),
(2412, 'ميناء عبد الله', 'Mia Abd Allah', 388, 4, '', '', ''),
(2413, 'النزهة', 'A uzhah', 389, 4, '', '', ''),
(2414, 'النسيم', 'a-as?m', 390, 4, '', '', ''),
(2415, 'النقرة', 'A uqrah', 391, 4, '', '', ''),
(2416, 'النويصيب', 'a uwaysib', 392, 4, '', '', ''),
(2417, 'هدية', 'Hadiyah', 393, 4, '', '', ''),
(2418, 'الواحة', 'al-W?h?ah', 394, 4, '', '', ''),
(2419, 'اليرموك', 'Al Yarmuk', 395, 4, '', '', ''),
(2420, 'منامة', 'Maama', 396, 5, '', '', ''),
(2421, 'الرفاع', 'Riffa', 397, 5, '', '', ''),
(2422, 'سترة', 'Sitra', 398, 5, '', '', ''),
(2423, 'مدينة عيسى', 'Isa Tow', 399, 5, '', '', ''),
(2424, 'جدحفص', 'Jidhafs', 400, 5, '', '', ''),
(2425, 'دار كليب', 'Dar Kulaib', 401, 5, '', '', ''),
(2426, 'المحرق', 'Muharraq', 402, 5, '', '', ''),
(2427, 'القاهرة', 'Cairo', 403, 6, '', '', ''),
(2428, 'الجيزة', 'Giza', 404, 6, '', '', ''),
(2429, 'الإسكندرية', 'Alexadria', 405, 6, '', '', ''),
(2430, 'الإسماعيلية', 'Ismailia', 406, 6, '', '', ''),
(2431, 'المحلة الكبرى', 'Al Mahallah Al Kubra', 407, 6, '', '', ''),
(2432, 'بور سعيد', 'Port Said', 408, 6, '', '', ''),
(2433, 'أسيوط', 'Asyut', 409, 6, '', '', ''),
(2434, 'أسوان', 'Aswa', 410, 6, '', '', ''),
(2435, 'الأقصر', 'Luxor', 411, 6, '', '', ''),
(2436, 'سوهاج', 'Sohag', 412, 6, '', '', ''),
(2437, 'طنطا', 'Tata', 413, 6, '', '', ''),
(2438, 'الفيوم', 'Faiyum', 414, 6, '', '', ''),
(2439, 'شبين القناطر', 'Shibi Al Qaatir', 415, 6, '', '', ''),
(2440, 'قليوبية', 'Qalyubia', 416, 6, '', '', ''),
(2441, 'مرسى مطروح', 'Mersa Matruh', 417, 6, '', '', ''),
(2442, 'كفر الزيات', 'Kafr ElZayat', 418, 6, '', '', ''),
(2443, 'كفر الشيخ', 'Kafr ElShaikh', 419, 6, '', '', ''),
(2444, 'كفر الدوار', 'Kafr ElDawar', 420, 6, '', '', ''),
(2445, 'دمياط', 'Damietta', 421, 6, '', '', ''),
(2446, 'دمنهور', 'Damahour', 422, 6, '', '', ''),
(2447, 'بني سويف', 'Bei Suef', 423, 6, '', '', ''),
(2448, 'بنها', 'Baha', 424, 6, '', '', ''),
(2449, 'الإبراهيمية', 'Al Ibrahimeyah Bahri WA Sidi Gaber', 425, 6, '', '', ''),
(2450, 'الغردقة', 'Al Ghardaka', 426, 6, '', '', ''),
(2451, 'الخرطوم', 'Khartoum', 427, 7, '', '', ''),
(2452, 'بور سودان', 'Port Suda', 428, 7, '', '', ''),
(2453, 'الفاشر', 'Al Fashir', 429, 7, '', '', ''),
(2454, 'وادي مدني', 'Wad Madai', 430, 7, '', '', ''),
(2455, 'كسلا', 'Kassala', 431, 7, '', '', ''),
(2456, 'جوبا', 'Juba St', 432, 7, '', '', ''),
(2457, 'ملكال', 'Malakal', 433, 7, '', '', ''),
(2458, 'النهود', 'E ahud', 434, 7, '', '', ''),
(2459, 'أم درمان', 'Omdurma', 435, 7, '', '', ''),
(2460, 'واو', 'Wawise ELSheikh Ali', 436, 7, '', '', ''),
(2461, 'العبيد', 'العبيد', 437, 7, '', '', ''),
(2462, 'صنعاء', 'Saaa', 438, 8, '', '', ''),
(2463, 'زبيد', 'Zabid', 439, 8, '', '', ''),
(2464, 'يريم', 'Yarim', 440, 8, '', '', ''),
(2465, 'تعز', 'Taiz', 441, 8, '', '', ''),
(2466, 'سيئون', 'Seiyu', 442, 8, '', '', ''),
(2467, 'سحار', 'Sahar', 443, 8, '', '', ''),
(2468, 'لحج', 'Lahij', 444, 8, '', '', ''),
(2469, 'زنجبار', 'Zijibar', 445, 8, '', '', ''),
(2470, 'بيحان', 'Bayha al Qisab', 446, 8, '', '', ''),
(2471, 'إب', 'Ibb', 447, 8, '', '', ''),
(2472, 'حجة', 'Hajjah', 448, 8, '', '', ''),
(2473, 'صعده', 'Sadah', 449, 8, '', '', ''),
(2474, 'بيت الفقيه', 'Bayt al Faqih', 450, 8, '', '', ''),
(2475, 'الضالع', 'Ad Dali', 451, 8, '', '', ''),
(2476, 'المكلا', 'Al Mukalla', 452, 8, '', '', ''),
(2477, 'الحديدة', 'Al Hudaydah', 453, 8, '', '', ''),
(2478, 'البيضاء', 'Al Bayda', 454, 8, '', '', ''),
(2479, 'عدن', 'Ade', 455, 8, '', '', ''),
(2480, 'بغداد', 'Baghdad', 456, 9, '', '', ''),
(2481, 'البصرة', 'Basrah', 457, 9, '', '', ''),
(2482, 'كربلاء', 'Karbala', 458, 9, '', '', ''),
(2483, 'موصل', 'Mosul', 459, 9, '', '', ''),
(2484, 'الفلوجة', 'Falluja', 460, 9, '', '', ''),
(2485, 'النجف', 'ajaf', 461, 9, '', '', ''),
(2486, 'أربيل', 'Arbil', 462, 9, '', '', ''),
(2487, 'كركوك', 'Kirkuk', 463, 9, '', '', ''),
(2488, 'السليمانية', 'Sulaymaiyah', 464, 9, '', '', ''),
(2489, 'الرمادي', 'Ramadi', 465, 9, '', '', ''),
(2490, 'الجزائر', 'Algiers', 466, 10, '', '', ''),
(2491, 'وهران', 'Ora', 467, 10, '', '', ''),
(2492, 'عنابة', 'Aaba', 468, 10, '', '', ''),
(2493, 'قسنطينة', 'Costatie', 469, 10, '', '', ''),
(2494, 'باتنة', 'Bata', 470, 10, '', '', ''),
(2495, 'البليدة', 'Blida', 471, 10, '', '', ''),
(2496, 'سطيف', 'Setif', 472, 10, '', '', ''),
(2497, 'سيدي بلعباس', 'Sidi Bel Abbes', 473, 10, '', '', ''),
(2498, 'الشلف', 'Chlef', 474, 10, '', '', ''),
(2499, 'بسكرة', 'Biskra', 475, 10, '', '', ''),
(2500, 'غرداية', 'Ghardaia', 476, 10, '', '', ''),
(2501, 'الجلفة', 'Djelfa', 477, 10, '', '', ''),
(2502, 'بجاية', 'Bjaa', 478, 10, '', '', ''),
(2503, 'براقي', 'Baraki', 479, 10, '', '', ''),
(2504, 'باب الزوار', 'Bab Ezzouar', 480, 10, '', '', ''),
(2505, 'تلمسان', 'Tlemce', 481, 10, '', '', ''),
(2506, 'ورقلة', 'Ouargla', 482, 10, '', '', ''),
(2507, 'عمان', 'Amma', 483, 11, '', '', ''),
(2508, 'الزرقاء', 'Zarqa', 484, 11, '', '', ''),
(2509, 'وادي السير', 'Wadi Al Seer', 485, 11, '', '', ''),
(2510, 'البقعة', 'البقعة', 486, 11, '', '', ''),
(2511, 'الكرك', 'Karak', 487, 11, '', '', ''),
(2512, 'مادابا', 'Madaba', 488, 11, '', '', ''),
(2513, 'جرش', 'Jarash', 489, 11, '', '', ''),
(2514, 'إربد', 'Irbid', 490, 11, '', '', ''),
(2515, 'السلط', 'Salt', 491, 11, '', '', ''),
(2516, 'الرمثا', 'Ramtha', 492, 11, '', '', ''),
(2517, 'القويسمة', 'القويسمة', 493, 11, '', '', ''),
(2518, 'العقبة', 'Aqaba', 494, 11, '', '', ''),
(2519, 'بيروت', 'Beirut', 495, 12, '', '', ''),
(2520, 'طرابلس', 'Tripoli', 496, 12, '', '', ''),
(2521, 'صور', 'Tyre', 497, 12, '', '', ''),
(2522, 'صيدا', 'Sido District', 498, 12, '', '', ''),
(2523, 'زحلة', 'Zahle', 499, 12, '', '', ''),
(2524, 'جونية', 'Jouieh', 500, 12, '', '', ''),
(2525, 'جبيل', 'Byblos', 501, 12, '', '', ''),
(2526, 'بعلبك', 'Baalbek', 502, 12, '', '', ''),
(2527, 'النبطية', 'abatieh', 503, 12, '', '', ''),
(2528, 'زغرتا', 'Zgharta', 504, 12, '', '', ''),
(2529, 'دمشق', 'Damascus', 505, 13, '', '', ''),
(2530, 'اللاذقية', 'Lattakia', 506, 13, '', '', ''),
(2531, 'حلب', 'Aleppo', 507, 13, '', '', ''),
(2532, 'درعا', 'Daraa', 508, 13, '', '', ''),
(2533, 'مُحافظة ادلب', 'Idlib verorate', 509, 13, '', '', ''),
(2534, 'طرطوس', 'Tartus', 510, 13, '', '', ''),
(2535, 'حمص', 'Homs', 511, 13, '', '', ''),
(2536, 'حماة', 'Hama', 512, 13, '', '', ''),
(2537, 'دير الزور', 'Deir ezZur', 513, 13, '', '', ''),
(2538, 'الرقة', 'Ar Raqqah', 514, 13, '', '', ''),
(2539, 'طرابلس', 'Tripoli', 515, 14, '', '', ''),
(2540, 'بنغازي', 'Beghazi', 516, 14, '', '', ''),
(2541, 'طبرق', 'Tubruq', 517, 14, '', '', ''),
(2542, 'إجدابيا', 'Ajdabiya', 518, 14, '', '', ''),
(2543, 'زوارة', 'Zuwara', 519, 14, '', '', ''),
(2544, 'طرحونة', 'طرحونة', 520, 14, '', '', ''),
(2545, 'سرت', 'Sirte', 521, 14, '', '', ''),
(2546, 'صبراته', 'abrtah', 522, 14, '', '', ''),
(2547, 'مصراته', 'Misrata', 523, 14, '', '', ''),
(2548, 'الخمس', 'AlKhums', 524, 14, '', '', ''),
(2549, 'رباط', 'Ahermoumou', 525, 15, '', '', ''),
(2550, 'الدار البيضاء', 'Casablaca', 526, 15, '', '', ''),
(2551, 'مراكش', 'MarrakeshTesiftEl Haouz', 527, 15, '', '', ''),
(2552, 'فاس', 'FesBoulemae', 528, 15, '', '', ''),
(2553, 'أغادير', 'Agadir', 529, 15, '', '', ''),
(2554, 'تطوان', 'Tetoua', 530, 15, '', '', ''),
(2555, 'آسفي', 'Safi', 531, 15, '', '', ''),
(2556, 'وجدة', 'Oujda', 532, 15, '', '', ''),
(2557, 'مكناس', 'MekesTafilalet', 533, 15, '', '', ''),
(2558, 'قنيطرة', 'Keitra', 534, 15, '', '', ''),
(2559, 'نواكشوط', 'ouakchott', 535, 16, '', '', ''),
(2560, 'تجكجة', 'Tidjikja', 536, 16, '', '', ''),
(2561, 'أكجوجت', 'Akjoujt', 537, 16, '', '', ''),
(2562, 'نعمة', '', 538, 16, '', '', ''),
(2563, 'العيون', 'Ayou el Atrous', 539, 16, '', '', ''),
(2564, 'شنقيطي', 'Chiguetti', 540, 16, '', '', ''),
(2565, 'انواديبو', 'ouadhibou', 541, 16, '', '', ''),
(2566, 'مسقط', 'Muscat', 542, 17, '', '', ''),
(2567, 'صور', 'Sur', 543, 17, '', '', ''),
(2568, 'صحار', 'Sohar', 544, 17, '', '', ''),
(2569, 'صلالة', 'Salalah', 545, 17, '', '', ''),
(2570, 'نزوى', 'izwa', 546, 17, '', '', ''),
(2571, 'خصب', 'Khasab', 547, 17, '', '', ''),
(2572, 'بدبد', 'Bidbid', 548, 17, '', '', ''),
(2573, 'بوشر', 'Bawshar', 549, 17, '', '', ''),
(2574, 'السويق', 'Al Suwayq', 550, 17, '', '', ''),
(2575, 'السيب', 'Seeb', 551, 17, '', '', ''),
(2576, 'لوى', 'Liwa', 552, 17, '', '', ''),
(2577, 'البريمي', 'Buraimi', 553, 17, '', '', ''),
(2578, 'القدس', 'Jérusalem', 554, 18, '', '', ''),
(2579, 'غزة', 'Gaza', 555, 18, '', '', ''),
(2580, 'حيفا', 'Haïfa', 556, 18, '', '', ''),
(2581, 'الخليل', 'Hébro', 557, 18, '', '', ''),
(2582, 'رام الله', 'Ramallah', 558, 18, '', '', ''),
(2583, 'عكا', 'Acre', 559, 18, '', '', ''),
(2584, 'رفح', 'Rafah', 560, 18, '', '', ''),
(2585, 'خان يونس', 'Kha Yuis', 561, 18, '', '', ''),
(2586, 'جبالية', 'جبالية', 562, 18, '', '', ''),
(2587, 'دار البلح', 'Deir al Balah', 563, 18, '', '', ''),
(2588, 'بيت لهايا', 'Beit Lahiya', 564, 18, '', '', ''),
(2589, 'البريج', 'Bureij', 565, 18, '', '', ''),
(2590, 'طولكرم', 'Tulkarm', 566, 18, '', '', ''),
(2591, 'قلقيلية', 'Qalqilya', 567, 18, '', '', ''),
(2592, 'نابلس', 'ablus', 568, 18, '', '', ''),
(2593, 'جنين', 'Jei', 569, 18, '', '', ''),
(2594, 'دورا', 'Dura', 570, 18, '', '', ''),
(2595, 'بيت جالا', 'Bayt Jala', 571, 18, '', '', ''),
(2596, 'بلاطة', 'Balata', 572, 18, '', '', ''),
(2597, 'تونس', 'Tuis', 573, 19, '', '', ''),
(2598, 'قيروان', 'AlQayrawa', 574, 19, '', '', ''),
(2599, 'صفاقس', 'Sfax', 575, 19, '', '', ''),
(2600, 'سوسة', 'Sousse', 576, 19, '', '', ''),
(2601, 'بنزرت', 'Bizerte', 577, 19, '', '', ''),
(2602, 'منستير', 'Mouastir', 578, 19, '', '', ''),
(2603, 'المرسى', 'La Marsa', 579, 19, '', '', ''),
(2604, 'الحمامات', 'Hammamet', 580, 19, '', '', ''),
(2605, 'بوينس آيرس', 'Bueos Aires', 581, 30, '', '', ''),
(2606, 'قرطبة، الأرجنتين', 'Crdoba', 582, 30, '', '', ''),
(2607, 'لابلاتا', 'La Plata', 583, 30, '', '', ''),
(2608, 'Libertador Geeral Sa Mart', 'Libertador Geeral Sa Mart', 584, 30, '', '', ''),
(2609, 'Licol', 'Licol', 585, 30, '', '', ''),
(2610, 'مارديلبلاتا', 'Mar Del Plata', 586, 30, '', '', ''),
(2611, 'Quilmes', 'Quilmes', 587, 30, '', '', ''),
(2612, 'روساريو', 'Rosario', 588, 30, '', '', ''),
(2613, 'سالتا', 'Salta', 589, 30, '', '', ''),
(2614, 'طوكومان', 'Sa Miguel de Tucuma', 590, 30, '', '', ''),
(2615, 'باجو باجو', 'Pa Pa', 591, 31, '', '', ''),
(2616, 'Sakt Plte', 'Sakt Plte', 592, 32, '', '', ''),
(2617, 'Schwechat', 'Schwechat', 593, 32, '', '', ''),
(2618, 'Spittal a der Drau', 'Spittal', 594, 32, '', '', ''),
(2619, 'Steyr', 'Steyr', 595, 32, '', '', ''),
(2620, 'Teritz', 'Teritz', 596, 32, '', '', ''),
(2621, 'Traiskirche', 'Traiskirche', 597, 32, '', '', ''),
(2622, 'Trau', 'Trau', 598, 32, '', '', ''),
(2623, 'Villach', 'Villach', 599, 32, '', '', ''),
(2624, 'Weizierl bei Krems', 'Weizierl bei Krems', 600, 32, '', '', ''),
(2625, 'Wels', 'Wels', 601, 32, '', '', ''),
(2626, 'Wie', 'Am Stei', 602, 32, '', '', ''),
(2627, 'أديليد', 'Adelaide', 603, 33, '', '', ''),
(2628, 'بريزبن', 'Brisbae', 604, 33, '', '', ''),
(2629, 'كنبرا', 'Caberra', 605, 33, '', '', ''),
(2630, 'غولد كوست', 'ld Coast', 606, 33, '', '', ''),
(2631, 'هوبارت', 'Hobart', 607, 33, '', '', ''),
(2632, 'ملبورن', 'Melboure', 608, 33, '', '', ''),
(2633, 'نيو كاسل', 'ewcastle', 609, 33, '', '', ''),
(2634, 'بيرث', 'Perth', 610, 33, '', '', ''),
(2635, 'صنبيري', 'Subury', 611, 33, '', '', ''),
(2636, 'سيدني', 'Sydey', 612, 33, '', '', ''),
(2637, 'ولونجونج', 'Wollog', 613, 33, '', '', ''),
(2638, 'Achi', 'Achi', 614, 34, '', '', ''),
(2639, 'Babij', 'Babij', 615, 34, '', '', ''),
(2640, 'اورانجستاد', 'Orajestad', 616, 34, '', '', ''),
(2641, 'باكو', 'Baku', 617, 35, '', '', ''),
(2642, 'غنجه', 'Gaja', 618, 35, '', '', ''),
(2643, 'Migechevir', 'Migechevir', 619, 35, '', '', ''),
(2644, 'akhchiva', 'akhchiva', 620, 35, '', '', ''),
(2645, 'Qarachukhur', 'Qarachukhur', 621, 35, '', '', ''),
(2646, 'Sakia Khaim Mosque', 'Sakia Khaim Mosque', 622, 35, '', '', ''),
(2647, 'سومقاييت', 'Sumqayit', 623, 35, '', '', ''),
(2648, 'Yevlakh', 'Yevlakh', 624, 35, '', '', ''),
(2649, 'بانيا لوكا', 'Baja Luka', 625, 36, '', '', ''),
(2650, 'Bihac', 'Bihac', 626, 36, '', '', ''),
(2651, 'Bijeljia', 'Bijeljia', 627, 36, '', '', ''),
(2652, 'برتشكو', 'Brcko', 628, 36, '', '', ''),
(2653, 'Mostar', 'Mostar', 629, 36, '', '', ''),
(2654, 'Prijedor', 'Prijedor', 630, 36, '', '', ''),
(2655, 'ساراييفو', 'Sarajevo', 631, 36, '', '', ''),
(2656, 'Tuzla Cato', 'Tuzla', 632, 36, '', '', ''),
(2657, 'زينيتشا', 'Zeica', 633, 36, '', '', ''),
(2658, 'بريدج تاون', 'Bridgetow', 634, 37, '', '', ''),
(2659, 'باريزال', 'Barisal', 635, 38, '', '', ''),
(2660, 'شيتاجونج', 'Chittag', 636, 38, '', '', ''),
(2661, 'Comilla', 'Comilla', 637, 38, '', '', ''),
(2662, 'دكا', 'Dhaka', 638, 38, '', '', ''),
(2663, 'جيسور', 'Jessore', 639, 38, '', '', ''),
(2664, 'خولنا', 'Khula', 640, 38, '', '', ''),
(2665, 'Mymesigh', 'Mymesigh', 641, 38, '', '', ''),
(2666, 'arayagaj', 'arayagaj', 642, 38, '', '', ''),
(2667, 'راجشاهي', 'Rajshahi', 643, 38, '', '', ''),
(2668, 'سيلهت', 'Sylhet', 644, 38, '', '', ''),
(2669, 'Adee', 'Adee', 645, 39, '', '', ''),
(2670, 'أنتويرب', 'Atwerp', 646, 39, '', '', ''),
(2671, 'بروج', 'Brugge', 647, 39, '', '', ''),
(2672, 'بروكسل', 'Brussels', 648, 39, '', '', ''),
(2673, 'تشارلوري', 'Charleroi', 649, 39, '', '', ''),
(2674, 'جنت', 'Get', 650, 39, '', '', ''),
(2675, 'لوفين', 'Leuve', 651, 39, '', '', ''),
(2676, 'لييج', 'Lige', 652, 39, '', '', ''),
(2677, 'مونس', 'Mos', 653, 39, '', '', ''),
(2678, 'نامور', 'amur', 654, 39, '', '', ''),
(2679, 'Schote', 'Schote', 655, 39, '', '', ''),
(2680, 'Bafora', 'Bafora', 656, 40, '', '', ''),
(2681, 'بوبوديولاسو', 'Bobo Dioulasso', 657, 40, '', '', ''),
(2682, 'Boulsa', 'Boulsa', 658, 40, '', '', ''),
(2683, 'Fadaurma', 'Fadaurma', 659, 40, '', '', ''),
(2684, 'Kaya', 'Kaya', 660, 40, '', '', ''),
(2685, 'Koudouu', 'Koudouu', 661, 40, '', '', ''),
(2686, 'Koupela', 'Koupela', 662, 40, '', '', ''),
(2687, 'واغادوغو', 'Ouagadouu', 663, 40, '', '', ''),
(2688, 'Ouahiuya', 'Ouahiuya', 664, 40, '', '', ''),
(2689, 'Tekodo', 'Tekodo', 665, 40, '', '', ''),
(2690, 'بورجاس', 'Burgas', 666, 41, '', '', ''),
(2691, 'دوبريتش', 'Dobrich', 667, 41, '', '', ''),
(2692, 'بليفين', 'Pleve', 668, 41, '', '', ''),
(2693, 'بلوفديف', 'Plovdiv', 669, 41, '', '', ''),
(2694, 'شومن', 'Shume', 670, 41, '', '', ''),
(2695, 'سليفين', 'Slive', 671, 41, '', '', ''),
(2696, 'صوفيا', 'Sofia', 672, 41, '', '', ''),
(2697, 'ستارا زاجورا', 'Stara Zara', 673, 41, '', '', ''),
(2698, 'فارنا', 'Vara', 674, 41, '', '', ''),
(2699, 'بوجمبورا', 'Bujumbura', 675, 42, '', '', ''),
(2700, 'بوروري', 'Bururi', 676, 42, '', '', ''),
(2701, 'Gitega', 'Gitega', 677, 42, '', '', ''),
(2702, 'Kayaza', 'Kayaza', 678, 42, '', '', ''),
(2703, 'ماكامبا', 'Makamba', 679, 42, '', '', ''),
(2704, 'Muramvya', 'Muramvya', 680, 42, '', '', ''),
(2705, 'Muyiga', 'Muyiga', 681, 42, '', '', ''),
(2706, 'zi', 'zi', 682, 42, '', '', ''),
(2707, 'Rutaa', 'Rutaa', 683, 42, '', '', ''),
(2708, 'Ruyigi', 'Ruyigi', 684, 42, '', '', ''),
(2709, 'عبومي كالاوي', 'Abomey Calavi', 685, 43, '', '', ''),
(2710, 'عبومي كالاوي', 'Abomeycalavi', 686, 43, '', '', ''),
(2711, 'Bohico', 'Bohico', 687, 43, '', '', ''),
(2712, 'كوتونو', 'Cotoou', 688, 43, '', '', ''),
(2713, 'Djouu', 'Djouu', 689, 43, '', '', ''),
(2714, 'atitiu', 'atitiu', 690, 43, '', '', ''),
(2715, 'ikki', 'ikki', 691, 43, '', '', ''),
(2716, 'Parakou', 'Parakou', 692, 43, '', '', ''),
(2717, 'بورتو نوفو', 'Porto ovo', 693, 43, '', '', ''),
(2718, 'Gustavia', 'Gustavia', 694, 44, '', '', ''),
(2719, 'هاميلتون', 'Hamilto', 695, 45, '', '', ''),
(2720, 'بندر سري بكاوان', 'Badar Seri Begawa', 696, 46, '', '', ''),
(2721, 'كولا بلائت', 'Kuala Belait', 697, 46, '', '', ''),
(2722, 'Seria', 'Seria', 698, 46, '', '', ''),
(2723, 'Tutog', 'Tutog', 699, 46, '', '', ''),
(2724, 'كوشابامبا', 'Cochabamba', 700, 47, '', '', ''),
(2725, 'لاباز', 'La Paz', 701, 47, '', '', ''),
(2726, 'أرورو', 'Oruro', 702, 47, '', '', ''),
(2727, 'سانتا كروز', 'Sata Cruz De La Sierra', 703, 47, '', '', ''),
(2728, 'سوكر', 'Sucre', 704, 47, '', '', ''),
(2729, 'Yapacai', 'Yapacai', 705, 47, '', '', ''),
(2730, 'Villamotes', 'Villamotes', 706, 47, '', '', ''),
(2731, 'Villazo', 'Villazo', 707, 47, '', '', ''),
(2732, 'Wares', 'Wares', 708, 47, '', '', ''),
(2733, 'Yacuba', 'Yacuiba', 709, 47, '', '', ''),
(2734, 'Belm', 'Belm', 710, 48, '', '', ''),
(2735, 'بيلو هوريزونتي', 'Belo Horizote', 711, 48, '', '', ''),
(2736, 'Brasileia', 'Brasilia', 712, 48, '', '', ''),
(2737, 'كامبيناس', 'Campias', 713, 48, '', '', ''),
(2738, 'كوريتيبا', 'Curitiba', 714, 48, '', '', ''),
(2739, 'فورتاليزا', 'Fortaleza', 715, 48, '', '', ''),
(2740, 'iia', 'iia', 716, 48, '', '', ''),
(2741, 'جوارولوس', 'Guarulhos', 717, 48, '', '', ''),
(2742, 'ماناوس', 'Maaus', 718, 48, '', '', ''),
(2743, 'بورتو أليجري', 'Porto Alegre', 719, 48, '', '', ''),
(2744, 'ريسيفي', 'Recife', 720, 48, '', '', ''),
(2745, 'ريو دي جانيرو', 'Rio De Jaeiro', 721, 48, '', '', ''),
(2746, 'السلفادور', 'Salvador', 722, 48, '', '', ''),
(2747, 'ساو باولو', 'So Paulo', 723, 48, '', '', ''),
(2748, 'Lucaya Beach', 'Lucaya Beach', 724, 49, '', '', ''),
(2749, 'ناسو', 'assau', 725, 49, '', '', ''),
(2750, 'فنتشولنغ', 'Phutsholig', 726, 50, '', '', ''),
(2751, 'تيمفو', 'Thimphu', 727, 50, '', '', ''),
(2752, 'Fracistow', 'Fracistow', 728, 51, '', '', ''),
(2753, 'جابورون', 'Gaboroe', 729, 51, '', '', ''),
(2754, 'Jaeg', 'Jaeg', 730, 51, '', '', ''),
(2755, 'Kaye', 'Kaye', 731, 51, '', '', ''),
(2756, 'Letlhakae', 'Letlhakae', 732, 51, '', '', ''),
(2757, 'لوباتس', 'Lobatse', 733, 51, '', '', ''),
(2758, 'ماهالاپیه', 'Mahalapye', 734, 51, '', '', ''),
(2759, 'ماون', 'Mau', 735, 51, '', '', ''),
(2760, 'موگودیتشان', 'Moditshae', 736, 51, '', '', ''),
(2761, 'مولبولوله', 'Molepolole', 737, 51, '', '', ''),
(2762, 'بابرويسك', 'Babruysk', 738, 52, '', '', ''),
(2763, 'بارانافيشي', 'Baraavichy', 739, 52, '', '', ''),
(2764, 'باريساو', 'Barysaw', 740, 52, '', '', ''),
(2765, 'برست', 'Brest', 741, 52, '', '', ''),
(2766, 'هوميل', 'Homyel', 742, 52, '', '', ''),
(2767, 'هرودنا', 'Hroda', 743, 52, '', '', ''),
(2768, 'موغيليوف أوبلاست', 'Mogilev Provice', 744, 52, '', '', ''),
(2769, 'مينسك', 'Misk', 745, 52, '', '', ''),
(2770, 'فيتبسك', 'Vitsyebsk', 746, 52, '', '', ''),
(2771, 'Belize City', 'Belize City', 747, 53, '', '', ''),
(2772, 'بلموبان', 'Belmopa', 748, 53, '', '', ''),
(2773, 'أورانج ووك', 'Orage Walk', 749, 53, '', '', ''),
(2774, 'Sa Igacio', 'Sa Igacio', 750, 53, '', '', ''),
(2775, 'كالجاري', 'Calgary', 751, 54, '', '', ''),
(2776, 'ادمونتون', 'Edmoto', 752, 54, '', '', ''),
(2777, 'هاليفاكس', 'Halifax', 753, 54, '', '', ''),
(2778, 'هاملتون', 'Hamilto', 754, 54, '', '', ''),
(2779, 'Kitcheer', 'Kitcheer', 755, 54, '', '', ''),
(2780, 'لندن', 'Lodo', 756, 54, '', '', ''),
(2781, 'مونتريال', 'Motreal', 757, 54, '', '', ''),
(2782, 'أوتاوا', 'Ottawa', 758, 54, '', '', ''),
(2783, 'تورونتو', 'Toroto', 759, 54, '', '', ''),
(2784, 'فانكوفر', 'Vacouver', 760, 54, '', '', ''),
(2785, 'وينيبيغ', 'Wiipeg', 761, 54, '', '', ''),
(2786, 'Bukavu', 'Bukavu', 762, 55, '', '', ''),
(2787, 'كانانغا', 'Kaaga', 763, 55, '', '', ''),
(2788, 'Kikwit', 'Kikwit', 764, 55, '', '', ''),
(2789, 'كينشاسا', 'Kishasa', 765, 55, '', '', ''),
(2790, 'كيسنجاني', 'Kisagai', 766, 55, '', '', ''),
(2791, 'لوبومباشي', 'Lubumbashi', 767, 55, '', '', ''),
(2792, 'Magai', 'Magai', 768, 55, '', '', ''),
(2793, 'Mbadaka', 'Mbadaka', 769, 55, '', '', ''),
(2794, 'Mbazagugu', 'Mbazagugu', 770, 55, '', '', ''),
(2795, 'Mbujimayi', 'Mbujimayi', 771, 55, '', '', ''),
(2796, 'Tshela', 'Tshela', 772, 55, '', '', ''),
(2797, 'Bambari', 'Bambari', 773, 56, '', '', ''),
(2798, 'Bagassou', 'Bagassou', 774, 56, '', '', ''),
(2799, 'بانجي', 'Bagui', 775, 56, '', '', ''),
(2800, 'Berbrati', 'Berbrati', 776, 56, '', '', ''),
(2801, 'Bimo', 'Bimo', 777, 56, '', '', ''),
(2802, 'Bossaa', 'Bossaa', 778, 56, '', '', ''),
(2803, 'Bouar', 'Bouar', 779, 56, '', '', ''),
(2804, 'Bria', 'Bria', 780, 56, '', '', ''),
(2805, 'Carot', 'Carot', 781, 56, '', '', ''),
(2806, 'ola', 'ola', 782, 56, '', '', ''),
(2807, 'برازافيل', 'Brazzaville', 783, 57, '', '', ''),
(2808, 'Dolisie', 'Dolisie', 784, 57, '', '', ''),
(2809, 'Gamboma', 'Gamboma', 785, 57, '', '', ''),
(2810, 'Impfodo', 'Impfodo', 786, 57, '', '', ''),
(2811, 'Kayes', 'Kayes', 787, 57, '', '', ''),
(2812, 'Loadjili', 'Loadjili', 788, 57, '', '', ''),
(2813, 'Madiu', 'Madiu', 789, 57, '', '', ''),
(2814, 'Mossedjo', 'Mossedjo', 790, 57, '', '', ''),
(2815, 'Ouesso', 'Ouesso', 791, 57, '', '', ''),
(2816, 'Owado', 'Owado', 792, 57, '', '', ''),
(2817, 'بوينت نوير', 'Poiteoire', 793, 57, '', '', ''),
(2818, 'Sibiti', 'Sibiti', 794, 57, '', '', ''),
(2819, 'بازل', 'Basel', 795, 58, '', '', ''),
(2820, 'برن', 'Ber', 796, 58, '', '', ''),
(2821, 'بيال  بيين', 'Biel', 797, 58, '', '', ''),
(2822, 'جنيف', 'Geeva', 798, 58, '', '', ''),
(2823, 'لوزان', 'Lausae', 799, 58, '', '', ''),
(2824, 'لوجانو', 'Lugao', 800, 58, '', '', ''),
(2825, 'لوسيرن', 'Luzer', 801, 58, '', '', ''),
(2826, 'ثون', 'Thu', 802, 58, '', '', ''),
(2827, 'فينترتور', 'Witerthur', 803, 58, '', '', ''),
(2828, 'زيورخ', 'Zurich', 804, 58, '', '', ''),
(2829, 'أبيدجان', 'Abidja', 805, 59, '', '', ''),
(2830, 'بواكي', 'Bouake', 806, 59, '', '', ''),
(2831, 'Daloa', 'Daloa', 807, 59, '', '', ''),
(2832, 'غاغنوا', 'Gagoa', 808, 59, '', '', ''),
(2833, 'Korho', 'Korho', 809, 59, '', '', ''),
(2834, 'Ma', 'Ma', 810, 59, '', '', ''),
(2835, 'SaPedro', 'SaPedro', 811, 59, '', '', ''),
(2836, 'ياموسوكرو', 'Yamoussoukro', 812, 59, '', '', ''),
(2837, 'أفاروا', 'Avarua', 813, 60, '', '', ''),
(2838, 'أنتوفاجاستا', 'Atofagasta', 814, 61, '', '', ''),
(2839, 'أريكا', 'Arica', 815, 61, '', '', ''),
(2840, 'كونسيبسيون', 'Cocepcio', 816, 61, '', '', ''),
(2841, 'Costituci', 'Costituci', 817, 61, '', '', ''),
(2842, 'بويرتو مونت', 'Puerto Mott', 818, 61, '', '', ''),
(2843, 'Racagua', 'Racagua', 819, 61, '', '', ''),
(2844, 'سانتياغو', 'Satia', 820, 61, '', '', ''),
(2845, 'Talcahuao', 'Talca', 821, 61, '', '', ''),
(2846, 'Talcahuao', 'Talca', 822, 61, '', '', ''),
(2847, 'فالباريسو', 'Valparaiso', 823, 61, '', '', ''),
(2848, 'Via del Mar', 'Via del Mar', 824, 61, '', '', ''),
(2849, 'Bafoussam', 'Bafoussam', 825, 62, '', '', ''),
(2850, 'Bameda', 'Bameda', 826, 62, '', '', ''),
(2851, 'Bertoua', 'Bertoua', 827, 62, '', '', ''),
(2852, 'دوالا', 'Douala', 828, 62, '', '', ''),
(2853, 'Edea', 'Eda', 829, 62, '', '', ''),
(2854, 'Garoua', 'Garoua', 830, 62, '', '', ''),
(2855, 'Kumba', 'Kumba', 831, 62, '', '', ''),
(2856, 'Loum', 'Loum', 832, 62, '', '', ''),
(2857, 'مروة', 'Maroua', 833, 62, '', '', ''),
(2858, 'gaoudere', 'gaoudr', 834, 62, '', '', ''),
(2859, 'ياوندي', 'Yaoude', 835, 62, '', '', ''),
(2860, 'بكين', 'Beijig', 836, 63, '', '', ''),
(2861, 'تشنغدو', 'Chegdu', 837, 63, '', '', ''),
(2862, 'شونجكين', 'Chogqig', 838, 63, '', '', ''),
(2863, 'دونغقوان', 'Doggua', 839, 63, '', '', ''),
(2864, 'فوشان', 'Fosha', 840, 63, '', '', ''),
(2865, 'جوانجتشو', 'Guagzhou', 841, 63, '', '', ''),
(2866, 'هاربين', 'Harbi', 842, 63, '', '', ''),
(2867, 'نانجينغ', 'ajig', 843, 63, '', '', ''),
(2868, 'شانغهاي', 'Shaghai', 844, 63, '', '', ''),
(2869, 'شنيانغ', 'Sheyag', 845, 63, '', '', ''),
(2870, 'شينزين', 'Shezhe', 846, 63, '', '', ''),
(2871, 'تيانجين', 'Tiaji', 847, 63, '', '', ''),
(2872, 'ووهان', 'Wuha', 848, 63, '', '', ''),
(2873, 'بارانكويلا', 'Barraquilla', 849, 64, '', '', ''),
(2874, 'بوغوتا', 'Bota', 850, 64, '', '', ''),
(2875, 'بوكارامانجا', 'Bucaramaga', 851, 64, '', '', ''),
(2876, 'كالي', 'Cali', 852, 64, '', '', ''),
(2877, 'Chirodo', 'Chirod', 853, 64, '', '', ''),
(2878, 'Cucuta', 'Ccuta', 854, 64, '', '', ''),
(2879, 'Florecia', 'Florecia', 855, 64, '', '', ''),
(2880, 'أباجي', 'Ibague', 856, 64, '', '', ''),
(2881, 'ميديلين', 'Medelli', 857, 64, '', '', ''),
(2882, 'بيريرا', 'Pereira', 858, 64, '', '', ''),
(2883, 'سانتا مارتا', 'Sata Marta', 859, 64, '', '', ''),
(2884, 'Soacha', 'Soacha', 860, 64, '', '', ''),
(2885, 'Soledad', 'Soledad', 861, 64, '', '', ''),
(2886, 'فيلافيسينسيو', 'Villavicecio', 862, 64, '', '', ''),
(2887, 'ألاجويلا', 'Alajuela', 863, 65, '', '', ''),
(2888, 'Curridabat', 'Curridabat', 864, 65, '', '', ''),
(2889, 'ليبريا', 'Liberia', 865, 65, '', '', ''),
(2890, 'Paraso', 'Paraso', 866, 65, '', '', ''),
(2891, 'بوتاريناس', 'Putareas', 867, 65, '', '', ''),
(2892, 'Sa Fracisco de Dos Ros District', 'Sa Fracisco', 868, 65, '', '', ''),
(2893, 'Sa Isidro de El Geeral', 'Sa Isidro', 869, 65, '', '', ''),
(2894, 'Sa Jose', 'Purral', 870, 65, '', '', ''),
(2895, 'Sa Jose', 'Purral', 871, 65, '', '', ''),
(2896, 'Sa Vicete', 'Sa Vicete', 872, 65, '', '', ''),
(2897, 'Bayamo', 'Bayamo', 873, 66, '', '', ''),
(2898, 'سييغو دي افيلا', 'Cie de Avila', 874, 66, '', '', ''),
(2899, 'سيانفيجوس', 'Ciefues', 875, 66, '', '', ''),
(2900, 'Guataamo', 'Guataamo', 876, 66, '', '', ''),
(2901, 'هافانا', 'Havaa', 877, 66, '', '', ''),
(2902, 'هولجين', 'Holgui', 878, 66, '', '', ''),
(2903, 'لاس توناس', 'Las Tuas', 879, 66, '', '', ''),
(2904, 'ماتانزاس', 'Matazas', 880, 66, '', '', ''),
(2905, 'بينر ديل ريو', 'Piar del Rio', 881, 66, '', '', ''),
(2906, 'Sata Clara', 'Sata Clara', 882, 66, '', '', ''),
(2907, 'Satia de Cuba', 'Satia De Cuba', 883, 66, '', '', ''),
(2908, 'Midelo', 'Midelo', 884, 67, '', '', ''),
(2909, 'برايا', 'Praia', 885, 67, '', '', ''),
(2910, 'Sata Maria', 'Sata Maria', 886, 67, '', '', ''),
(2911, 'ذي سيتلمنت', 'Flyig Fish Cove', 887, 68, '', '', ''),
(2912, 'Famagusta', 'Famagusta', 888, 69, '', '', ''),
(2913, 'Kyreia', 'Gire', 889, 69, '', '', ''),
(2914, 'لارنكا', 'Laraca', 890, 69, '', '', ''),
(2915, 'منطقة ليماسول', 'Limassol', 891, 69, '', '', ''),
(2916, 'نيقوسيا', 'icosia', 892, 69, '', '', ''),
(2917, 'Paphos', 'Paphos', 893, 69, '', '', ''),
(2918, 'Protaras', 'Protaras', 894, 69, '', '', ''),
(2919, 'برنو', 'Bro', 895, 70, '', '', ''),
(2920, 'سيسك بوديجوفيس', 'Ceske Budejovice', 896, 70, '', '', ''),
(2921, 'Havov', 'Havirov', 897, 70, '', '', ''),
(2922, 'هراديتش كرالوفي', 'Hradec Kralove', 898, 70, '', '', ''),
(2923, 'أولوموك', 'Olomouc', 899, 70, '', '', ''),
(2924, 'أوسترافا', 'Ostrava', 900, 70, '', '', ''),
(2925, 'بيلزن', 'Plze', 901, 70, '', '', ''),
(2926, 'براغ', 'Praha', 902, 70, '', '', ''),
(2927, 'st ad Labem', 'st ad Labem', 903, 70, '', '', ''),
(2928, 'st ad Orlic', 'st ad Orlic', 904, 70, '', '', ''),
(2929, 'Zli', 'Zl', 905, 70, '', '', ''),
(2930, 'Zli', 'Zl', 906, 70, '', '', ''),
(2931, 'برلين', 'Berli', 907, 71, '', '', ''),
(2932, 'Berau bei Berli', 'Berau', 908, 71, '', '', ''),
(2933, 'بريمن', 'Breme', 909, 71, '', '', ''),
(2934, 'دورتموند', 'Dortmud', 910, 71, '', '', ''),
(2935, 'دريسدن', 'Dresde', 911, 71, '', '', ''),
(2936, 'دوسلدورف', 'Dusseldorf', 912, 71, '', '', ''),
(2937, 'إسن', 'Esse', 913, 71, '', '', ''),
(2938, 'فرانكفورت', 'Frakfurt a der Oder', 914, 71, '', '', ''),
(2939, 'فرانكفورت', 'Frakfurt Am Mai', 915, 71, '', '', ''),
(2940, 'Garchig', 'Garchig', 916, 71, '', '', ''),
(2941, 'هامبورغ', 'Hamburg', 917, 71, '', '', ''),
(2942, 'هانوفر', 'Haover', 918, 71, '', '', ''),
(2943, 'كولن', 'Cologe', 919, 71, '', '', ''),
(2944, 'لايبزيغ', 'Leipzig', 920, 71, '', '', ''),
(2945, 'شتوتغارت', 'Stuttgart', 921, 71, '', '', ''),
(2946, 'ألبورج', 'Aalborg', 922, 72, '', '', ''),
(2947, 'آرهوس', 'Aarhus', 923, 72, '', '', ''),
(2948, 'كوبنهاغن', 'Copehage', 924, 72, '', '', ''),
(2949, 'إسبجيرج', 'Esbjerg', 925, 72, '', '', ''),
(2950, 'هيرنينج', 'Herig', 926, 72, '', '', ''),
(2951, 'هورسينس', 'Horses', 927, 72, '', '', ''),
(2952, 'كولدينج', 'Koldig', 928, 72, '', '', ''),
(2953, 'أودنس', 'Odese', 929, 72, '', '', ''),
(2954, 'راندرز', 'Raders', 930, 72, '', '', ''),
(2955, 'روسكيلده', 'Roskilde', 931, 72, '', '', ''),
(2956, 'فاجلي', 'Vejle', 932, 72, '', '', ''),
(2957, 'روزيو', 'Roseau', 933, 73, '', '', ''),
(2958, 'Azua', 'Azua', 934, 74, '', '', ''),
(2959, 'Bajos de Haia', 'Bajos De Haia', 935, 74, '', '', ''),
(2960, 'Bai', 'Ba', 936, 74, '', '', ''),
(2961, 'Bayaguaa', 'Bayaguaa', 937, 74, '', '', ''),
(2962, 'Beemerita de Sa Cristobal', 'Beemerita de Sa Cristobal', 938, 74, '', '', ''),
(2963, 'Boao', 'Boao', 939, 74, '', '', ''),
(2964, 'La Vega', 'La Vega', 940, 74, '', '', ''),
(2965, 'لارومانا', 'La Romaa', 941, 74, '', '', ''),
(2966, 'Sa Fracisco de Macoris', 'Sa Fracisco De Macors', 942, 74, '', '', ''),
(2967, 'Sa Jua de la Maguaa', 'Sa Jua De La Maguaa', 943, 74, '', '', ''),
(2968, 'Sa Pedro De Macoris', 'Sa Pedro De Macors', 944, 74, '', '', ''),
(2969, 'Barahoa', 'Barahoa', 945, 74, '', '', ''),
(2970, 'سانتياجو', 'Satia', 946, 74, '', '', ''),
(2971, 'سانتو دومينجو', 'Sato Domi', 947, 74, '', '', ''),
(2972, 'أمباتو', 'Ambato', 948, 75, '', '', ''),
(2973, 'Cueca', 'Cueca', 949, 75, '', '', ''),
(2974, 'غواياكيول', 'Guayaquil', 950, 75, '', '', ''),
(2975, 'Loja', 'Loja', 951, 75, '', '', ''),
(2976, 'Machala Cato', 'Machala', 952, 75, '', '', ''),
(2977, 'Mata', 'Mata', 953, 75, '', '', ''),
(2978, 'بورتوفيجو', 'Portoviejo', 954, 75, '', '', ''),
(2979, 'Quevedo', 'Quevedo', 955, 75, '', '', ''),
(2980, 'كيتو', 'Quito', 956, 75, '', '', ''),
(2981, 'Riobamba', 'Riobamba', 957, 75, '', '', ''),
(2982, 'Sato Domi de los Tsachilas', 'Sato Domi', 958, 75, '', '', ''),
(2983, 'KohtlaJrve li', 'KohtlaJrve li', 959, 76, '', '', ''),
(2984, 'Maardu', 'Maardu', 960, 76, '', '', ''),
(2985, 'نارفا', 'arva', 961, 76, '', '', ''),
(2986, 'Pru Couty', 'Pru Couty', 962, 76, '', '', ''),
(2987, 'Rakvere', 'Rakvere', 963, 76, '', '', ''),
(2988, 'Sillame', 'Sillame', 964, 76, '', '', ''),
(2989, 'تالين', 'Talli', 965, 76, '', '', ''),
(2990, 'تارتو', 'Tartu', 966, 76, '', '', ''),
(2991, 'Viljadi Couty', 'Viljadi', 967, 76, '', '', ''),
(2992, 'الداخلة', 'Dakhla', 968, 77, '', '', ''),
(2993, 'Ejbei Uad el Aabd', 'Ejbei Uad el Aabd', 969, 77, '', '', ''),
(2994, 'أسمرة', 'Asmara', 970, 78, '', '', ''),
(2995, 'Baretu', 'Baretu', 971, 78, '', '', ''),
(2996, 'مندفرا', 'Medefera', 972, 78, '', '', ''),
(2997, 'برشلونة', 'Barceloa', 973, 79, '', '', ''),
(2998, 'بلباو', 'Bilbao', 974, 79, '', '', ''),
(2999, 'لاس بالماس دي غران كناريا', 'Las Palmas de Gra Caaria', 975, 79, '', '', ''),
(3000, 'مدريد', 'Madrid', 976, 79, '', '', ''),
(3001, 'مالجا', 'Mlaga', 977, 79, '', '', ''),
(3002, 'مورسيا', 'Murcia', 978, 79, '', '', ''),
(3003, 'Palma del Ro', 'Palma del Ro', 979, 79, '', '', ''),
(3004, 'بالما', 'Palma', 980, 79, '', '', ''),
(3005, 'سيفيلا', 'Sevilla', 981, 79, '', '', ''),
(3006, 'ساراجوزا', 'Zaraza', 982, 79, '', '', ''),
(3007, 'أديس أبابا', 'Addis Ababa', 983, 80, '', '', ''),
(3008, 'Hawassa', 'Hawassa', 984, 80, '', '', ''),
(3009, 'Bahir Dar', 'Bahir Dar', 985, 80, '', '', ''),
(3010, 'Bishoftu', 'Debre Zeyit', 986, 80, '', '', ''),
(3011, 'Dessie', 'Dessie', 987, 80, '', '', ''),
(3012, 'ديرة داوا', 'Dire Dawa', 988, 80, '', '', ''),
(3013, 'dar', 'dar', 989, 80, '', '', ''),
(3014, 'Jijiga', 'Jijiga', 990, 80, '', '', ''),
(3015, 'Jimma', 'Jimma', 991, 80, '', '', ''),
(3016, 'Adama', 'Adama', 992, 80, '', '', ''),
(3017, 'Shashemee', 'Shashemee', 993, 80, '', '', ''),
(3018, 'إسبو', 'Espoo', 994, 81, '', '', ''),
(3019, 'هلسنكي', 'Helsiki', 995, 81, '', '', ''),
(3020, 'يوفاسكولا', 'Jyvskyl', 996, 81, '', '', ''),
(3021, 'كووبيو', 'Kuopio', 997, 81, '', '', ''),
(3022, 'لاهتي', 'Lahti', 998, 81, '', '', ''),
(3023, 'أولو', 'Oulu', 999, 81, '', '', ''),
(3024, 'بوري', 'Pori', 1000, 81, '', '', ''),
(3025, 'تامبيري', 'Tampere', 1001, 81, '', '', ''),
(3026, 'توركو', 'Turku', 1002, 81, '', '', ''),
(3027, 'فانتا', 'Vataa', 1003, 81, '', '', ''),
(3028, 'Lambasa', 'Lambasa', 1004, 82, '', '', ''),
(3029, 'adi Iteratioal Airport', 'adi Iteratioal Airport', 1005, 82, '', '', ''),
(3030, 'سوفا', 'Suva', 1006, 82, '', '', ''),
(3031, 'ستانلي', 'Staley', 1007, 83, '', '', ''),
(3032, 'باليكير', 'Palikir', 1008, 84, '', '', ''),
(3033, 'Weo', 'Weo', 1009, 84, '', '', ''),
(3034, 'توشهافن', 'Trshav', 1010, 85, '', '', ''),
(3035, 'بوردو', 'Bordeaux', 1011, 86, '', '', '');
INSERT INTO `city` (`CityId`, `Name`, `EnglishName`, `OrderNum`, `CountryId`, `name3`, `name4`, `name5`) VALUES
(3036, 'ليل', 'Lille', 1012, 86, '', '', ''),
(3037, 'ليون', 'Lyo', 1013, 86, '', '', ''),
(3038, 'مارسيليا', 'Marseille', 1014, 86, '', '', ''),
(3039, 'مونبيلييه', 'Motpellier', 1015, 86, '', '', ''),
(3040, 'نانت', 'ates', 1016, 86, '', '', ''),
(3041, 'نيس', 'ice', 1017, 86, '', '', ''),
(3042, 'باريس', 'Paris', 1018, 86, '', '', ''),
(3043, 'رين', 'Rees', 1019, 86, '', '', ''),
(3044, 'ستراسبورغ', 'Strasbourg', 1020, 86, '', '', ''),
(3045, 'تولوز', 'Toulouse', 1021, 86, '', '', ''),
(3046, 'فرانسفيل', 'Fraceville', 1022, 87, '', '', ''),
(3047, 'Koulamoutou', 'Koulamoutou', 1023, 87, '', '', ''),
(3048, 'Lambaree', 'Lambar', 1024, 87, '', '', ''),
(3049, 'ليفرفالي', 'Libreville', 1025, 87, '', '', ''),
(3050, 'مواندا', 'Moada', 1026, 87, '', '', ''),
(3051, 'Mouila', 'Mouila', 1027, 87, '', '', ''),
(3052, 'Oyem', 'Oyem', 1028, 87, '', '', ''),
(3053, 'بورت جينتل', 'PortGetil', 1029, 87, '', '', ''),
(3054, 'Tchibaga', 'Tchibaga', 1030, 87, '', '', ''),
(3055, 'برمينغهام', 'Birmigham', 1031, 88, '', '', ''),
(3056, 'برادفورد', 'Bradford', 1032, 88, '', '', ''),
(3057, 'بريستول', 'Bristol', 1033, 88, '', '', ''),
(3058, 'كارديف', 'Cardiff', 1034, 88, '', '', ''),
(3059, 'كوفنتري', 'Covetry', 1035, 88, '', '', ''),
(3060, 'إدنبرة', 'Ediburgh', 1036, 88, '', '', ''),
(3061, 'غلازغو', 'Glasw', 1037, 88, '', '', ''),
(3062, 'هول', 'Kigsto Upo Hull', 1038, 88, '', '', ''),
(3063, 'ليدز', 'Leeds', 1039, 88, '', '', ''),
(3064, 'لستر', 'Leicester', 1040, 88, '', '', ''),
(3065, 'ليفربول', 'Liverpool', 1041, 88, '', '', ''),
(3066, 'لندن', 'Lodo', 1042, 88, '', '', ''),
(3067, 'مانشستر', 'Machester', 1043, 88, '', '', ''),
(3068, 'شفيلد', 'Sheffield', 1044, 88, '', '', ''),
(3069, 'سان جورج', 'Sait George', 1045, 89, '', '', ''),
(3070, 'Akhaltsikhe', 'Akhaltsikhe', 1046, 90, '', '', ''),
(3071, 'بطوما', 'Batumi', 1047, 90, '', '', ''),
(3072, 'غوري', 'ri', 1048, 90, '', '', ''),
(3073, 'Khashuri', 'Khashuri', 1049, 90, '', '', ''),
(3074, 'Kobuleti', 'Kobuleti', 1050, 90, '', '', ''),
(3075, 'كوتايسي', 'Kutaisi', 1051, 90, '', '', ''),
(3076, 'Mareuli', 'Mareuli', 1052, 90, '', '', ''),
(3077, 'Ochamchire', 'Ochamchire', 1053, 90, '', '', ''),
(3078, 'بوتي، جورجيا', 'Poti', 1054, 90, '', '', ''),
(3079, 'Samtredia', 'Samtredia', 1055, 90, '', '', ''),
(3080, 'Seaki', 'Seaki', 1056, 90, '', '', ''),
(3081, 'سوخومي', 'Sukhumi', 1057, 90, '', '', ''),
(3082, 'Statsiya ovyy Afo', 'Statsiya ovyy Afo', 1058, 90, '', '', ''),
(3083, 'تفليس', 'Tbilisi', 1059, 90, '', '', ''),
(3084, 'Tkvarcheli', 'Tkvarcheli', 1060, 90, '', '', ''),
(3085, 'تسخينفالي', 'Tskhivali', 1061, 90, '', '', ''),
(3086, 'Tskaltubo', 'Tskaltubo', 1062, 90, '', '', ''),
(3087, 'Zestafoi', 'Zestafoi', 1063, 90, '', '', ''),
(3088, 'Zugdidi', 'Zugdidi', 1064, 90, '', '', ''),
(3089, 'Cayee', 'Cayee', 1065, 91, '', '', ''),
(3090, 'Kourou', 'Kourou', 1066, 91, '', '', ''),
(3091, 'Matoury', 'Matoury', 1067, 91, '', '', ''),
(3092, 'Remire-Motjoly', 'Remire-Motjoly', 1068, 91, '', '', ''),
(3093, 'Sait-Lauret-du-Maroi', 'Sait-Lauret-du-Maroi', 1069, 91, '', '', ''),
(3094, 'سان بيتر بورت', 'Sait Peter Port', 1070, 92, '', '', ''),
(3095, 'أكرا', 'Accra', 1071, 93, '', '', ''),
(3096, 'Achiama', 'Achiama', 1072, 93, '', '', ''),
(3097, 'Cape Coast', 'Cape Coast', 1073, 93, '', '', ''),
(3098, 'Koforidua', 'Koforidua', 1074, 93, '', '', ''),
(3099, 'كوماسي', 'Kumasi', 1075, 93, '', '', ''),
(3100, 'Madia', 'Madia', 1076, 93, '', '', ''),
(3101, 'Obuasi', 'Obuasi', 1077, 93, '', '', ''),
(3102, 'SekodiTakoradi', 'Sekodi', 1078, 93, '', '', ''),
(3103, 'Takoradi', 'Takoradi', 1079, 93, '', '', ''),
(3104, 'تامالي', 'Tamale', 1080, 93, '', '', ''),
(3105, 'Tema', 'Tema', 1081, 93, '', '', ''),
(3106, 'جبل طارق', 'Gibraltar', 1082, 94, '', '', ''),
(3107, 'نوك', 'uuk', 1083, 95, '', '', ''),
(3108, 'باكاو', 'Bakau', 1084, 96, '', '', ''),
(3109, 'بنجول', 'Bajul', 1085, 96, '', '', ''),
(3110, 'Brikama', 'Brikama', 1086, 96, '', '', ''),
(3111, 'Farafei', 'Farafei', 1087, 96, '', '', ''),
(3112, 'Lami', 'Lami', 1088, 96, '', '', ''),
(3113, 'Sukuta', 'Sukuta', 1089, 96, '', '', ''),
(3114, 'Bok', 'Bok', 1090, 97, '', '', ''),
(3115, 'Camayee', 'Camayee', 1091, 97, '', '', ''),
(3116, 'كوناكري', 'Coakry', 1092, 97, '', '', ''),
(3117, 'Kaka', 'Kaka', 1093, 97, '', '', ''),
(3118, 'Kidia', 'Kidia', 1094, 97, '', '', ''),
(3119, 'Kissidouu', 'Kissidouu', 1095, 97, '', '', ''),
(3120, 'Lab', 'Lab', 1096, 97, '', '', ''),
(3121, 'Maceta', 'Maceta', 1097, 97, '', '', ''),
(3122, 'Mamou', 'Mamou', 1098, 97, '', '', ''),
(3123, 'zerekore', 'zerekore', 1099, 97, '', '', ''),
(3124, 'Pita', 'Pita', 1100, 97, '', '', ''),
(3125, 'Siguiri', 'Siguiri', 1101, 97, '', '', ''),
(3126, 'Telimele', 'Telimele', 1102, 97, '', '', ''),
(3127, 'Tougue', 'Tougue', 1103, 97, '', '', ''),
(3128, 'Baie Mahault', 'Baie Mahault', 1104, 98, '', '', ''),
(3129, 'باسي تيري', 'Basse Terre', 1105, 98, '', '', ''),
(3130, 'Capesterre Belle Eau', 'Capesterrebelleeau', 1106, 98, '', '', ''),
(3131, 'Le sier', 'Le sier', 1107, 98, '', '', ''),
(3132, 'Le Moule', 'Le Moule', 1108, 98, '', '', ''),
(3133, 'Les Abymes', 'Les Abymes', 1109, 98, '', '', ''),
(3134, 'Petit Bourg', 'Petit Bourg', 1110, 98, '', '', ''),
(3135, 'PoiteaPitre', 'PoiteaPitre', 1111, 98, '', '', ''),
(3136, 'SaiteAe', 'SaiteAe', 1112, 98, '', '', ''),
(3137, 'Saite-Rose', 'Saite-Rose', 1113, 98, '', '', ''),
(3138, 'باتا', 'Bata', 1114, 99, '', '', ''),
(3139, 'Ebebiyi', 'Ebebiyi', 1115, 99, '', '', ''),
(3140, 'مالابو', 'Malabo', 1116, 99, '', '', ''),
(3141, 'Agriio', 'Agriio', 1117, 100, '', '', ''),
(3142, 'أثينا', 'Athes', 1118, 100, '', '', ''),
(3143, 'كاندية', 'Heraklio', 1119, 100, '', '', ''),
(3144, 'هيراكليون', 'Heraklio', 1120, 100, '', '', ''),
(3145, 'Khaladrio', 'Khaladrio', 1121, 100, '', '', ''),
(3146, 'لاريسا', 'Larissa', 1122, 100, '', '', ''),
(3147, 'باتراس', 'Patra', 1123, 100, '', '', ''),
(3148, 'سالونيك', 'Thessaloiki', 1124, 100, '', '', ''),
(3149, 'Volos', 'Vlos', 1125, 100, '', '', ''),
(3150, 'Grytvike', 'Grytvike', 1126, 101, '', '', ''),
(3151, 'Amatitl', 'Amatitl', 1127, 102, '', '', ''),
(3152, 'Chicacao', 'Chicacao', 1128, 102, '', '', ''),
(3153, 'تشيمالتينانجو', 'Chimaltea', 1129, 102, '', '', ''),
(3154, 'Chiautla', 'Chiautla', 1130, 102, '', '', ''),
(3155, 'إسكونتلا', 'Escuitla', 1131, 102, '', '', ''),
(3156, 'جواتيمالا', 'Guatemala City', 1132, 102, '', '', ''),
(3157, 'هيوهيوتنانجو', 'Huehuetea', 1133, 102, '', '', ''),
(3158, 'Mixco', 'Mixco', 1134, 102, '', '', ''),
(3159, '', 'Petapa', 1135, 102, '', '', ''),
(3160, 'كويزالتينانجو', 'Quetzaltea', 1136, 102, '', '', ''),
(3161, 'Sa Jua Sacatepquez', 'Sa Jua Sacatepquez', 1137, 102, '', '', ''),
(3162, 'Villa Caales', 'Villa Caales', 1138, 102, '', '', ''),
(3163, 'Villa ueva', 'Villa ueva', 1139, 102, '', '', ''),
(3164, 'Dededo', 'Dededo', 1140, 103, '', '', ''),
(3165, 'هاغاتنا', 'Hagata', 1141, 103, '', '', ''),
(3166, 'Bafat', 'Bafat', 1142, 104, '', '', ''),
(3167, 'بيساو', 'Bissau', 1143, 104, '', '', ''),
(3168, 'جورج تاون', 'Georgetow', 1144, 105, '', '', ''),
(3169, 'Lide', 'Lide', 1145, 105, '', '', ''),
(3170, 'ew Amsterdam', 'ew Amsterdam', 1146, 105, '', '', ''),
(3171, 'Choloma', 'Choloma', 1147, 106, '', '', ''),
(3172, 'Comayagua', 'Comayagua', 1148, 106, '', '', ''),
(3173, 'Dali', 'Dali', 1149, 106, '', '', ''),
(3174, 'El Progreso', 'El Progreso', 1150, 106, '', '', ''),
(3175, 'هونغ كونغ', 'Hog Kog', 1151, 106, '', '', ''),
(3176, 'Kowloo', 'Kowloo', 1152, 106, '', '', ''),
(3177, 'La Ceiba', 'La Ceiba', 1153, 106, '', '', ''),
(3178, 'La Lima', 'La Lima', 1154, 106, '', '', ''),
(3179, 'Olachito', 'Olachito', 1155, 106, '', '', ''),
(3180, 'Potrerillos', 'Potrerillos', 1156, 106, '', '', ''),
(3181, 'Puerto Cortez', 'Puerto Cortez', 1157, 106, '', '', ''),
(3182, 'Sa Lorezo', 'Sa Lorezo', 1158, 106, '', '', ''),
(3183, 'Sa Pedro Sula', 'Sa Pedro Sula', 1159, 106, '', '', ''),
(3184, 'Siguatepeque', 'Siguatepeque', 1160, 106, '', '', ''),
(3185, 'Tegucigalpa', 'Tegucigalpa', 1161, 106, '', '', ''),
(3186, 'كارلوفاك', 'Karlovac', 1162, 107, '', '', ''),
(3187, 'أوسييك', 'Osijek', 1163, 107, '', '', ''),
(3188, 'بولا', 'Pula', 1164, 107, '', '', ''),
(3189, 'رييكا', 'Rijeka', 1165, 107, '', '', ''),
(3190, 'Sesvete', 'Sesvete', 1166, 107, '', '', ''),
(3191, 'سيبينيك', 'Sibeik', 1167, 107, '', '', ''),
(3192, 'سلافونسكي برود', 'Slavoski Brod', 1168, 107, '', '', ''),
(3193, 'سبليت', 'Split', 1169, 107, '', '', ''),
(3194, 'فارازدين', 'Varazdi', 1170, 107, '', '', ''),
(3195, 'زادار', 'Zadar', 1171, 107, '', '', ''),
(3196, 'زغرب', 'Zagreb', 1172, 107, '', '', ''),
(3197, 'CapHaitie', 'CapHaitie', 1173, 108, '', '', ''),
(3198, 'Carrefour Sao', 'Carrefour', 1174, 108, '', '', ''),
(3199, 'Delmas', 'Delmas', 1175, 108, '', '', ''),
(3200, 'Desarmes', 'Desarmes', 1176, 108, '', '', ''),
(3201, 'Fod Parisie', 'Fod Parisie', 1177, 108, '', '', ''),
(3202, 'aives', 'aves', 1178, 108, '', '', ''),
(3203, 'Hiche', 'Hiche', 1179, 108, '', '', ''),
(3204, 'Jacmel', 'Jacmel', 1180, 108, '', '', ''),
(3205, 'Jeremie', 'Jeremie', 1181, 108, '', '', ''),
(3206, 'Les Cayes', 'Les Cayes', 1182, 108, '', '', ''),
(3207, 'Limbe', 'Limb', 1183, 108, '', '', ''),
(3208, 'PetioVille', 'Ptioville', 1184, 108, '', '', ''),
(3209, 'بورتأوبرنس', 'PortauPrice', 1185, 108, '', '', ''),
(3210, 'SaitMarc', 'SaitMarc', 1186, 108, '', '', ''),
(3211, 'Ti Port-de-Paix', 'Ti Port-de-Paix', 1187, 108, '', '', ''),
(3212, 'Verrettes', 'Verrettes', 1188, 108, '', '', ''),
(3213, 'بودابست', 'Budapest', 1189, 109, '', '', ''),
(3214, 'دبرتسن', 'Debrece', 1190, 109, '', '', ''),
(3215, 'جيور', 'Gyor', 1191, 109, '', '', ''),
(3216, 'Kecskemt', 'Kecskemt', 1192, 109, '', '', ''),
(3217, 'ميسكولك', 'Miskolc', 1193, 109, '', '', ''),
(3218, 'yregyhza', 'yregyhza', 1194, 109, '', '', ''),
(3219, 'بيتش', 'Pcs', 1195, 109, '', '', ''),
(3220, 'Szzhalombatta', 'Szzhalombatta', 1196, 109, '', '', ''),
(3221, 'زيجيد', 'Szeged', 1197, 109, '', '', ''),
(3222, 'سيكشفهيرفار', 'Szkesfehrvr', 1198, 109, '', '', ''),
(3223, 'شلنك', 'Szolok', 1199, 109, '', '', ''),
(3224, 'سزومباثيلي', 'Szombathely', 1200, 109, '', '', ''),
(3225, 'Badar Lampug', 'Badar Lampug', 1201, 110, '', '', ''),
(3226, 'باندونج', 'Badug', 1202, 110, '', '', ''),
(3227, 'Bekasi', 'Bekasi', 1203, 110, '', '', ''),
(3228, 'بوكور', 'Bor', 1204, 110, '', '', ''),
(3229, 'Depok', 'Depok', 1205, 110, '', '', ''),
(3230, 'جاكرتا رايا', 'Jakarta', 1206, 110, '', '', ''),
(3231, 'مالانج', 'Malag', 1207, 110, '', '', ''),
(3232, 'مدان', 'Meda', 1208, 110, '', '', ''),
(3233, 'باليمبانج', 'Palembag', 1209, 110, '', '', ''),
(3234, 'سيمارانق', 'Semarag', 1210, 110, '', '', ''),
(3235, 'سورابايا', 'Surabaya', 1211, 110, '', '', ''),
(3236, 'Tagerag', 'Tagerag', 1212, 110, '', '', ''),
(3237, 'أثلون', 'Athloe', 1213, 111, '', '', ''),
(3238, 'كيلكيني', 'Kilkey', 1214, 111, '', '', ''),
(3239, 'كورك', 'Cork', 1215, 111, '', '', ''),
(3240, 'دبلن', 'Dubli', 1216, 111, '', '', ''),
(3241, 'غالواي', 'Galway', 1217, 111, '', '', ''),
(3242, 'Leixlip', 'Leixlip', 1218, 111, '', '', ''),
(3243, 'ليميرك', 'Limerick', 1219, 111, '', '', ''),
(3244, 'Swords', 'Sord', 1220, 111, '', '', ''),
(3245, 'ترالي', 'Tralee', 1221, 111, '', '', ''),
(3246, 'دوجلاس', 'Douglas', 1222, 112, '', '', ''),
(3247, 'أحمد آباد', 'Ahmadabad', 1223, 113, '', '', ''),
(3248, 'بنجالور', 'Bagalore', 1224, 113, '', '', ''),
(3249, 'كالكوتا', 'Calcutta', 1225, 113, '', '', ''),
(3250, 'تشيناي', 'Cheai', 1226, 113, '', '', ''),
(3251, 'نيودلهي', 'Delhi', 1227, 113, '', '', ''),
(3252, 'حيدر أباد', 'Hyderabad', 1228, 113, '', '', ''),
(3253, 'جايبور', 'Jaipur', 1229, 113, '', '', ''),
(3254, 'كانبور', 'Kapur', 1230, 113, '', '', ''),
(3255, 'لكناو', 'Luckow', 1231, 113, '', '', ''),
(3256, 'مومباى', 'Mumbai', 1232, 113, '', '', ''),
(3257, 'ناجبور', 'agpur', 1233, 113, '', '', ''),
(3258, 'نيودلهي', 'ew Delhi', 1234, 113, '', '', ''),
(3259, 'بونا', 'Pue', 1235, 113, '', '', ''),
(3260, 'سورات', 'Surat', 1236, 113, '', '', ''),
(3261, 'Suratgarh', 'Suratgarh', 1237, 113, '', '', ''),
(3262, 'أهواز', 'Ahvaz', 1238, 114, '', '', ''),
(3263, 'كرج', 'Karaj', 1239, 114, '', '', ''),
(3264, 'كرمان', 'Kerma', 1240, 114, '', '', ''),
(3265, 'كرمانشاه', 'Kermashah', 1241, 114, '', '', ''),
(3266, 'مشهد', 'Mashhad', 1242, 114, '', '', ''),
(3267, 'قم', 'Qom', 1243, 114, '', '', ''),
(3268, 'رشت', 'Rasht', 1244, 114, '', '', ''),
(3269, 'شيراز', 'Shiraz', 1245, 114, '', '', ''),
(3270, 'تبريز', 'Tabriz', 1246, 114, '', '', ''),
(3271, 'زهيدان', 'Zaheda', 1247, 114, '', '', ''),
(3272, 'اكوريري', 'Akureyri', 1248, 115, '', '', ''),
(3273, 'Hafarfjordur', 'Hafarfjordur', 1249, 115, '', '', ''),
(3274, 'Kopavogur', 'Kopavogur', 1250, 115, '', '', ''),
(3275, 'ريكيافيك', 'Reykjavik', 1251, 115, '', '', ''),
(3276, 'باري', 'Bari', 1252, 116, '', '', ''),
(3277, 'بولونيا', 'Bologa', 1253, 116, '', '', ''),
(3278, 'مقاطعة كاتانيا', 'Cataia', 1254, 116, '', '', ''),
(3279, 'جنوا', 'Geova', 1255, 116, '', '', ''),
(3280, 'ميلانو', 'Milao', 1256, 116, '', '', ''),
(3281, 'نابولي', 'apoli', 1257, 116, '', '', ''),
(3282, 'باليرمو', 'Palermo', 1258, 116, '', '', ''),
(3283, 'روما', 'Rome', 1259, 116, '', '', ''),
(3284, 'تورينو', 'Torio', 1260, 116, '', '', ''),
(3285, 'فيرونا', 'Veroa', 1261, 116, '', '', ''),
(3286, 'سانت هاليير', 'Sait Helier', 1262, 117, '', '', ''),
(3287, 'كينجستون', 'Kigsto', 1263, 118, '', '', ''),
(3288, 'كينجستون', 'Kigsto', 1264, 118, '', '', ''),
(3289, 'Listead', 'Listead', 1265, 118, '', '', ''),
(3290, 'Madeville', 'Madeville', 1266, 118, '', '', ''),
(3291, 'May Pe', 'May Pe', 1267, 118, '', '', ''),
(3292, 'مونتيغو باي', 'Mote Bay', 1268, 118, '', '', ''),
(3293, 'ew Kigsto', 'ew Kigsto', 1269, 118, '', '', ''),
(3294, 'Old Harbour', 'Old Harbour', 1270, 118, '', '', ''),
(3295, 'بورتمور', 'Portmore', 1271, 118, '', '', ''),
(3296, 'سبانيش تاون', 'Spaish Tow', 1272, 118, '', '', ''),
(3297, 'فوكوكا، فوكوكا', 'Fukuoka', 1273, 119, '', '', ''),
(3298, 'هيروشيما', 'Hiroshima', 1274, 119, '', '', ''),
(3299, 'كاواساكي، كاناغاوا', 'Kawasaki', 1275, 119, '', '', ''),
(3300, 'كوبه', 'Kobe', 1276, 119, '', '', ''),
(3301, 'كيوتو', 'Kyoto', 1277, 119, '', '', ''),
(3302, 'ناغويا', 'aya', 1278, 119, '', '', ''),
(3303, 'أوساكا', 'Osaka', 1279, 119, '', '', ''),
(3304, 'سابورو', 'Sapporo', 1280, 119, '', '', ''),
(3305, 'سنداي', 'Sedai', 1281, 119, '', '', ''),
(3306, 'طوكيو', 'Tokyo', 1282, 119, '', '', ''),
(3307, 'يوكوهاما', 'Yokohama', 1283, 119, '', '', ''),
(3308, 'كيزيمو', 'Kisumu', 1284, 120, '', '', ''),
(3309, 'ماليندي', 'Malidi', 1285, 120, '', '', ''),
(3310, 'مومباسا', 'Mombasa', 1286, 120, '', '', ''),
(3311, 'نيروبي', 'airobi', 1287, 120, '', '', ''),
(3312, 'aivasha', 'aivasha', 1288, 120, '', '', ''),
(3313, 'akuru', 'akuru', 1289, 120, '', '', ''),
(3314, 'ayuki', 'ayuki', 1290, 120, '', '', ''),
(3315, 'بيشكيك', 'Bishkek', 1291, 121, '', '', ''),
(3316, 'JalalAbad', 'JalalAbad', 1292, 121, '', '', ''),
(3317, 'Kara Balta', 'Kara Balta', 1293, 121, '', '', ''),
(3318, 'Kyzylkiya', 'Kyzylkiya', 1294, 121, '', '', ''),
(3319, 'أوش', 'Osh', 1295, 121, '', '', ''),
(3320, 'Uzge', 'Uzge', 1296, 121, '', '', ''),
(3321, 'Talas', 'Talas', 1297, 121, '', '', ''),
(3322, 'Tokmok', 'Tokmok', 1298, 121, '', '', ''),
(3323, 'بنوم بنه', 'Phom Peh', 1299, 122, '', '', ''),
(3324, 'Krog Siem Reap', 'Krog Siem Reap', 1300, 122, '', '', ''),
(3325, 'Sisopho', 'Sisopho', 1301, 122, '', '', ''),
(3326, 'باستير', 'Basseterre', 1302, 124, '', '', ''),
(3327, 'بيونغيانغ', 'Pyogyag', 1303, 125, '', '', ''),
(3328, 'آنسان', 'Asa', 1304, 126, '', '', ''),
(3329, 'سيول', 'Seoul', 1305, 126, '', '', ''),
(3330, 'سيونغنام', 'Sogam', 1306, 126, '', '', ''),
(3331, 'سوون', 'Suwo', 1307, 126, '', '', ''),
(3332, 'أولسان', 'Ulsa', 1308, 126, '', '', ''),
(3333, 'جورج تاون', 'George Tow', 1309, 127, '', '', ''),
(3334, 'الماتي', 'Almaty', 1310, 128, '', '', ''),
(3335, 'أكتوبي', 'Aktobe', 1311, 128, '', '', ''),
(3336, 'Uralsk', 'Oral', 1312, 128, '', '', ''),
(3337, 'بافلودار', 'Pavlodar', 1313, 128, '', '', ''),
(3338, 'كاراجندا', 'Karagady', 1314, 128, '', '', ''),
(3339, 'كوستناي', 'Qostaay', 1315, 128, '', '', ''),
(3340, 'تاراز', 'Taraz', 1316, 128, '', '', ''),
(3341, 'Ba Houakhoua', 'Ba Houakhoua', 1317, 129, '', '', ''),
(3342, 'Luag Prabag', 'Luag Prabag', 1318, 129, '', '', ''),
(3343, 'Thakhk', 'Thakhk', 1319, 129, '', '', ''),
(3344, 'Muag Pakxa', 'Muag Pakxa', 1320, 129, '', '', ''),
(3345, 'Muag Phosava', 'Muag Phosava', 1321, 129, '', '', ''),
(3346, 'Muag Vagviag', 'Muag Vagviag', 1322, 129, '', '', ''),
(3347, 'باكسي', 'Pakse', 1323, 129, '', '', ''),
(3348, 'سافاناخيت', 'Savaaket', 1324, 129, '', '', ''),
(3349, 'فيانج شان', 'Vietiae', 1325, 129, '', '', ''),
(3350, 'Sam uea', 'Sam uea', 1326, 129, '', '', ''),
(3351, 'كاستريز', 'Castries', 1327, 130, '', '', ''),
(3352, 'فادوز', 'Vaduz', 1328, 131, '', '', ''),
(3353, 'باتيكالوا', 'Batticaloa', 1329, 132, '', '', ''),
(3354, 'كولمبو', 'Colombo', 1330, 132, '', '', ''),
(3355, 'Galle', 'Galle', 1331, 132, '', '', ''),
(3356, 'جافنا', 'Jaffa', 1332, 132, '', '', ''),
(3357, 'Kalmuai', 'Kalmuai', 1333, 132, '', '', ''),
(3358, 'Kady', 'Kady', 1334, 132, '', '', ''),
(3359, 'Moratuwa', 'Moratuwa', 1335, 132, '', '', ''),
(3360, 'embo', 'embo', 1336, 132, '', '', ''),
(3361, 'Sri Jayawardeepura Kotte', 'Sri Jayawardeepura Kotte', 1337, 132, '', '', ''),
(3362, 'Besoville', 'Besoville', 1338, 133, '', '', ''),
(3363, 'Buchaa', 'Buchaa', 1339, 133, '', '', ''),
(3364, 'Gbarga', 'Gbarga', 1340, 133, '', '', ''),
(3365, 'Harper', 'Harper', 1341, 133, '', '', ''),
(3366, 'مونروفيا', 'Morovia', 1342, 133, '', '', ''),
(3367, 'ew Yekepa', 'ew Yekepa', 1343, 133, '', '', ''),
(3368, 'Zwedru', 'Zwedru', 1344, 133, '', '', ''),
(3369, 'بوثا  بوثي', 'ButhaButhe', 1345, 134, '', '', ''),
(3370, 'ليرايب', 'Leribe', 1346, 134, '', '', ''),
(3371, 'مافيتينج', 'Mafeteg', 1347, 134, '', '', ''),
(3372, 'Maputsoe', 'Maputsoe', 1348, 134, '', '', ''),
(3373, 'ماسيرو', 'Maseru', 1349, 134, '', '', ''),
(3374, 'Qachas ek', 'Qachas ek', 1350, 134, '', '', ''),
(3375, 'Quthig', 'Quthig', 1351, 134, '', '', ''),
(3376, 'أليتس', 'Alytus', 1352, 135, '', '', ''),
(3377, 'Joava', 'Joava', 1353, 135, '', '', ''),
(3378, 'كاوناس', 'Kauas', 1354, 135, '', '', ''),
(3379, 'كلايبيدا', 'Klaipeda', 1355, 135, '', '', ''),
(3380, 'مقاطعة ميرايامبوله', 'Marijampole', 1356, 135, '', '', ''),
(3381, 'Maeikiai', 'Mazeikiai', 1357, 135, '', '', ''),
(3382, 'بانيفيزيس', 'Paevezys', 1358, 135, '', '', ''),
(3383, 'سياولياي', 'Siauliai', 1359, 135, '', '', ''),
(3384, 'Teliai', 'Telsiai', 1360, 135, '', '', ''),
(3385, 'Utea', 'Utea', 1361, 135, '', '', ''),
(3386, 'فيلنيوس', 'Vilius', 1362, 135, '', '', ''),
(3387, 'Dudelage', 'Dudelage', 1363, 136, '', '', ''),
(3388, 'EschsurAlzette', 'EschsurAlzette', 1364, 136, '', '', ''),
(3389, 'لوكسمبورغ', 'Luxembourg', 1365, 136, '', '', ''),
(3390, 'داوجافبيلس', 'Daugavpils', 1366, 137, '', '', ''),
(3391, 'Jkabpils', 'Jekabpils', 1367, 137, '', '', ''),
(3392, 'جيلجافا', 'Jelgava', 1368, 137, '', '', ''),
(3393, 'Jrmala', 'Jurmala', 1369, 137, '', '', ''),
(3394, 'ليباجا', 'Liepaja', 1370, 137, '', '', ''),
(3395, 'Ogre', 'Ogre', 1371, 137, '', '', ''),
(3396, 'ريزكني', 'Rezeke', 1372, 137, '', '', ''),
(3397, 'ريغا', 'Riga', 1373, 137, '', '', ''),
(3398, 'Tukums', 'Tukums', 1374, 137, '', '', ''),
(3399, 'الميرا', 'Valmiera', 1375, 137, '', '', ''),
(3400, 'فنتسبيلز', 'Vetspils', 1376, 137, '', '', ''),
(3401, 'موناكو', 'Moaco', 1377, 138, '', '', ''),
(3402, 'مونت كارلو', 'Mote Carlo', 1378, 138, '', '', ''),
(3403, 'بالتي', 'Balti', 1379, 139, '', '', ''),
(3404, 'Cahul', 'Cahul', 1380, 139, '', '', ''),
(3405, 'كيشيناو', 'Chisiau', 1381, 139, '', '', ''),
(3406, 'Comrat', 'Comrat', 1382, 139, '', '', ''),
(3407, 'Orhei', 'Orhei', 1383, 139, '', '', ''),
(3408, 'Ribita', 'Rybitsa', 1384, 139, '', '', ''),
(3409, 'Soroca', 'Soroca', 1385, 139, '', '', ''),
(3410, 'Beder', 'Tighia', 1386, 139, '', '', ''),
(3411, 'تيراسبول', 'Tiraspol', 1387, 139, '', '', ''),
(3412, 'Ughei', 'Ughei', 1388, 139, '', '', ''),
(3413, 'Cetije', 'Cetije', 1389, 140, '', '', ''),
(3414, 'Podrica', 'Podrica', 1390, 140, '', '', ''),
(3415, 'Ambositra', 'Ambositra', 1391, 141, '', '', ''),
(3416, 'Ambovombe', 'Ambovombe', 1392, 141, '', '', ''),
(3417, 'Amparafaravola', 'Amparafaravola', 1393, 141, '', '', ''),
(3418, 'أنتاناريفو', 'Ataaarivo', 1394, 141, '', '', ''),
(3419, 'Ataifotsy', 'Ataifotsy', 1395, 141, '', '', ''),
(3420, 'أنتسيرانانا', 'Atsiraaa', 1396, 141, '', '', ''),
(3421, 'Fiaaratsoa', 'Fiaaratsoa', 1397, 141, '', '', ''),
(3422, 'ماجنكا', 'Mahajaga', 1398, 141, '', '', ''),
(3423, 'Toamasia', 'Toamasia', 1399, 141, '', '', ''),
(3424, 'توليرا', 'Toliara', 1400, 141, '', '', ''),
(3425, 'Majuro Atoll', 'Majuro', 1401, 142, '', '', ''),
(3426, 'بيتولا', 'Bitola', 1402, 143, '', '', ''),
(3427, 'غوستيفار', 'stivar', 1403, 143, '', '', ''),
(3428, 'Kavadartsi', 'Kavadarci', 1404, 143, '', '', ''),
(3429, 'Kumaovo', 'Kumaovo', 1405, 143, '', '', ''),
(3430, 'Ohrid', 'Ohrid', 1406, 143, '', '', ''),
(3431, 'Prilep', 'Prilep', 1407, 143, '', '', ''),
(3432, 'سكوبيه', 'Skopje', 1408, 143, '', '', ''),
(3433, 'Strumitsa', 'Strumica', 1409, 143, '', '', ''),
(3434, 'Tetovo', 'Tetovo', 1410, 143, '', '', ''),
(3435, 'Veles', 'Veles', 1411, 143, '', '', ''),
(3436, 'باماكو', 'Bamako', 1412, 144, '', '', ''),
(3437, 'غاو', 'Gao', 1413, 144, '', '', ''),
(3438, 'غاو', 'Gao', 1414, 144, '', '', ''),
(3439, 'Kagaba', 'Kagaba', 1415, 144, '', '', ''),
(3440, 'كاتي', 'Kati', 1416, 144, '', '', ''),
(3441, 'dirou', 'dirou', 1417, 144, '', '', ''),
(3442, 'Koutiala', 'Koutiala', 1418, 144, '', '', ''),
(3443, 'موبتي', 'Mopti', 1419, 144, '', '', ''),
(3444, 'سيغو', 'Seu', 1420, 144, '', '', ''),
(3445, 'سيكاسو', 'Sikasso', 1421, 144, '', '', ''),
(3446, 'تومبكتو', 'Tombouctou', 1422, 144, '', '', ''),
(3447, 'ماندا لاي', 'Madalay', 1423, 145, '', '', ''),
(3448, 'يانغون', 'Rao', 1424, 145, '', '', ''),
(3449, 'DarkhaUul', 'Darha', 1425, 146, '', '', ''),
(3450, 'Erdeet', 'Erdeet', 1426, 146, '', '', ''),
(3451, 'أولان باتور', 'Ulaabaatar', 1427, 146, '', '', ''),
(3452, 'Aome', 'Aome', 1428, 147, '', '', ''),
(3453, 'Ducos', 'Ducos', 1429, 147, '', '', ''),
(3454, 'فور دو فرانس', 'FortdeFrace Bay', 1430, 147, '', '', ''),
(3455, 'La Triit', 'La Triit', 1431, 147, '', '', ''),
(3456, 'Le Fraois', 'Le Fraois', 1432, 147, '', '', ''),
(3457, 'Le Lameti', 'Lameti', 1433, 147, '', '', ''),
(3458, 'Le Robert', 'Le Robert', 1434, 147, '', '', ''),
(3459, 'Petite Riviere Salee', 'Petite Riviere Salee', 1435, 147, '', '', ''),
(3460, 'Saite Marie', 'Saite Marie', 1436, 147, '', '', ''),
(3461, 'St Joseph', 'St Joseph', 1437, 147, '', '', ''),
(3462, 'بليموث، مونتسيرات', 'Plymouth', 1438, 148, '', '', ''),
(3463, 'بئر كيركرة', 'Birkirkara', 1439, 149, '', '', ''),
(3464, 'Mosta', 'Mosta', 1440, 149, '', '', ''),
(3465, 'Qormi', 'Qormi', 1441, 149, '', '', ''),
(3466, 'فاليتا', 'Valletta', 1442, 149, '', '', ''),
(3467, 'Zabbar', 'Zabbar', 1443, 149, '', '', ''),
(3468, 'Bel Air', 'Bel Air', 1444, 150, '', '', ''),
(3469, 'Cetral Flacq', 'Cetre De Flacq', 1445, 150, '', '', ''),
(3470, 'كوريبيبي', 'Curepipe', 1446, 150, '', '', ''),
(3471, 'odlads', 'odlads', 1447, 150, '', '', ''),
(3472, 'Mahebourg', 'Mahbourg', 1448, 150, '', '', ''),
(3473, 'بورت لويس', 'Port Louis', 1449, 150, '', '', ''),
(3474, 'Quatre Bores', 'Quatre Bores', 1450, 150, '', '', ''),
(3475, 'Sait Pierre', 'Sait Pierre', 1451, 150, '', '', ''),
(3476, 'Triolet', 'Triolet', 1452, 150, '', '', ''),
(3477, 'VacoasPhoeix', 'Vacoas', 1453, 150, '', '', ''),
(3478, 'ماليه', 'Male', 1454, 151, '', '', ''),
(3479, 'Balaka', 'Balaka', 1455, 152, '', '', ''),
(3480, 'بلانتيري', 'Blatyre', 1456, 152, '', '', ''),
(3481, 'Karoga', 'Karoga', 1457, 152, '', '', ''),
(3482, 'Kasugu', 'Kasugu', 1458, 152, '', '', ''),
(3483, 'ليلونجوي', 'Lilogwe', 1459, 152, '', '', ''),
(3484, 'Liwode', 'Liwode', 1460, 152, '', '', ''),
(3485, 'Machi', 'Machi', 1461, 152, '', '', ''),
(3486, 'khotakota', 'khotakota', 1462, 152, '', '', ''),
(3487, 'Salima', 'Salima', 1463, 152, '', '', ''),
(3488, 'Zomba', 'Zomba', 1464, 152, '', '', ''),
(3489, 'تشيهواهوا', 'Chihuahua', 1465, 153, '', '', ''),
(3490, 'سيوداد جواريز', 'Ciudad Juarez', 1466, 153, '', '', ''),
(3491, 'Ciudad ezahualcyotl', 'Ciudad ezahualcyotl', 1467, 153, '', '', ''),
(3492, 'إيكاتيبيك', 'Ecatepec', 1468, 153, '', '', ''),
(3493, 'ليون', 'Le', 1469, 153, '', '', ''),
(3494, 'ميريدا', 'Merida', 1470, 153, '', '', ''),
(3495, 'مدينة مكسيكو', 'Mexico City', 1471, 153, '', '', ''),
(3496, 'مونتيري', 'Moterrey', 1472, 153, '', '', ''),
(3497, 'ناوكالبان', 'aucalpa', 1473, 153, '', '', ''),
(3498, 'بويبلا', 'Puebla', 1474, 153, '', '', ''),
(3499, 'تيجوانا', 'Tijuaa', 1475, 153, '', '', ''),
(3500, 'زابوبان', 'Zapopa', 1476, 153, '', '', ''),
(3501, 'ايبوه', 'Ipoh', 1477, 154, '', '', ''),
(3502, 'جوهر بهرو', 'Johor Bahru', 1478, 154, '', '', ''),
(3503, 'كوتا كينابالو', 'Kota Kiabalu', 1479, 154, '', '', ''),
(3504, 'كوالالمبور', 'Kuala Lumpur', 1480, 154, '', '', ''),
(3505, 'كوانتان', 'Kuata', 1481, 154, '', '', ''),
(3506, 'كوشنج', 'Kuchig', 1482, 154, '', '', ''),
(3507, 'بيتالينغ جايا', 'Petalig Jaya', 1483, 154, '', '', ''),
(3508, 'سانداكان', 'Sadaka', 1484, 154, '', '', ''),
(3509, 'Seremba', 'Seremba', 1485, 154, '', '', ''),
(3510, 'شاه علام', 'Shah Alam', 1486, 154, '', '', ''),
(3511, 'بييرا', 'Beira', 1487, 155, '', '', ''),
(3512, 'Chimoio', 'Chimoio', 1488, 155, '', '', ''),
(3513, 'Cidade de acala', 'Cidade de acala', 1489, 155, '', '', ''),
(3514, 'Lichiga', 'Lichiga', 1490, 155, '', '', ''),
(3515, 'مابوتو', 'Maputo', 1491, 155, '', '', ''),
(3516, 'Matola', 'Matola', 1492, 155, '', '', ''),
(3517, 'Mocuba', 'Mocuba', 1493, 155, '', '', ''),
(3518, 'نامبولا', 'ampula', 1494, 155, '', '', ''),
(3519, 'Pemba', 'Pemba', 1495, 155, '', '', ''),
(3520, 'Quelimae', 'Quelimae', 1496, 155, '', '', ''),
(3521, 'Tete', 'Tete', 1497, 155, '', '', ''),
(3522, 'Katima Mulilo', 'Katima Mulilo', 1498, 156, '', '', ''),
(3523, 'Keetmashoop', 'Keetmashoop', 1499, 156, '', '', ''),
(3524, 'Oshakati', 'Oshakati', 1500, 156, '', '', ''),
(3525, 'Otjiwaro', 'Otjiwaro', 1501, 156, '', '', ''),
(3526, 'Rehoboth', 'Rehoboth', 1502, 156, '', '', ''),
(3527, 'Rudu', 'Rudu', 1503, 156, '', '', ''),
(3528, 'Swakopmud', 'Swakopmud', 1504, 156, '', '', ''),
(3529, 'والفيسباي', 'Walvisbaai', 1505, 156, '', '', ''),
(3530, 'ويندهوك', 'Widhoek', 1506, 156, '', '', ''),
(3531, 'Dumbea', 'Dumba', 1507, 157, '', '', ''),
(3532, 'MotDore', 'MotDore', 1508, 157, '', '', ''),
(3533, 'نوميا', 'oumea', 1509, 157, '', '', ''),
(3534, 'Biri Koi', 'Biri Koi', 1510, 158, '', '', ''),
(3535, 'Dodoutchi', 'Dodoutchi', 1511, 158, '', '', ''),
(3536, 'دوسّو', 'Dosso', 1512, 158, '', '', ''),
(3537, 'Gaya', 'Gaya', 1513, 158, '', '', ''),
(3538, 'Maradi', 'Maradi', 1514, 158, '', '', ''),
(3539, 'نيامي', 'iamey', 1515, 158, '', '', ''),
(3540, 'Tahoua', 'Tahoua', 1516, 158, '', '', ''),
(3541, 'Tessaoua', 'Tessaoua', 1517, 158, '', '', ''),
(3542, 'زيندر', 'Zider', 1518, 158, '', '', ''),
(3543, 'Aba', 'Aba', 1519, 159, '', '', ''),
(3544, 'Ibada', 'Ibada', 1520, 159, '', '', ''),
(3545, 'Ilori', 'Ilori', 1521, 159, '', '', ''),
(3546, 'Jos', 'Jos', 1522, 159, '', '', ''),
(3547, 'Kadua', 'Kadua', 1523, 159, '', '', ''),
(3548, 'Kao', 'Kao', 1524, 159, '', '', ''),
(3549, 'Las', 'Las', 1525, 159, '', '', ''),
(3550, 'Maiduguri', 'Maiduguri', 1526, 159, '', '', ''),
(3551, 'Port Harcourt', 'Port Harcourt', 1527, 159, '', '', ''),
(3552, 'Zaria', 'Zaria', 1528, 159, '', '', ''),
(3553, 'شينانديجا', 'Chiadega', 1529, 160, '', '', ''),
(3554, 'Ciudad Sadio', 'Ciudad Sadio', 1530, 160, '', '', ''),
(3555, 'Estel', 'Estel', 1531, 160, '', '', ''),
(3556, 'Graada', 'Graada', 1532, 160, '', '', ''),
(3557, 'Jiotega', 'Jiotega', 1533, 160, '', '', ''),
(3558, 'Juigalpa', 'Juigalpa', 1534, 160, '', '', ''),
(3559, 'Leo', 'Le', 1535, 160, '', '', ''),
(3560, 'ماناجوا', 'Maagua', 1536, 160, '', '', ''),
(3561, 'Masaya', 'Masaya', 1537, 160, '', '', ''),
(3562, 'Matagalpa', 'Matagalpa', 1538, 160, '', '', ''),
(3563, 'Tipitapa', 'Tipitapa', 1539, 160, '', '', ''),
(3564, 'Almere Stad', 'Almere Stad', 1540, 161, '', '', ''),
(3565, 'أمستردام', 'Amsterdam', 1541, 161, '', '', ''),
(3566, 'أبلدورن', 'Apeldoor', 1542, 161, '', '', ''),
(3567, 'بريدا', 'Breda', 1543, 161, '', '', ''),
(3568, 'آيندهوفن', 'Eidhove', 1544, 161, '', '', ''),
(3569, 'انشيده', 'Eschede', 1545, 161, '', '', ''),
(3570, 'جروننجن', 'Groige', 1546, 161, '', '', ''),
(3571, 'نيميجن', 'ijmege', 1547, 161, '', '', ''),
(3572, 'sGravezade', 'sGravezade', 1548, 161, '', '', ''),
(3573, 'تيلبورج', 'Tilburg', 1549, 161, '', '', ''),
(3574, 'أوترخت', 'Utrecht', 1550, 161, '', '', ''),
(3575, 'برغن', 'Berge', 1551, 162, '', '', ''),
(3576, 'درامن', 'Dramme', 1552, 162, '', '', ''),
(3577, 'كريستينساند', 'Kristiasad', 1553, 162, '', '', ''),
(3578, 'أوسلو', 'Oslo', 1554, 162, '', '', ''),
(3579, 'Sadefjord', 'Sadefjord', 1555, 162, '', '', ''),
(3580, 'ستافانجر', 'Stavager', 1556, 162, '', '', ''),
(3581, 'Troms', 'Troms', 1557, 162, '', '', ''),
(3582, 'ترونديم', 'Trodheim', 1558, 162, '', '', ''),
(3583, 'Bhadrapur', 'Bhadrapur', 1559, 163, '', '', ''),
(3584, 'Bharatpur', 'Bharatpur', 1560, 163, '', '', ''),
(3585, 'Biratagar', 'Biratagar', 1561, 163, '', '', ''),
(3586, 'Birgaj', 'Birguj', 1562, 163, '', '', ''),
(3587, 'Butwal', 'Butwal', 1563, 163, '', '', ''),
(3588, 'Dhagadhi', 'Dhagadhi', 1564, 163, '', '', ''),
(3589, 'Dhara Bazar', 'Dhara Bazar', 1565, 163, '', '', ''),
(3590, 'Jaakpur', 'Jaakpur', 1566, 163, '', '', ''),
(3591, 'كاتماندو', 'Kathmadu', 1567, 163, '', '', ''),
(3592, 'Bhimdatta', 'Bhimdatta', 1568, 163, '', '', ''),
(3593, 'Pokhara', 'Pokhara', 1569, 163, '', '', ''),
(3594, 'Alofi', 'Alofi', 1570, 164, '', '', ''),
(3595, 'أوكلاند', 'Aucklad', 1571, 165, '', '', ''),
(3596, 'كريستتشيرش', 'Christchurch', 1572, 165, '', '', ''),
(3597, 'ديوندين', 'Duedi', 1573, 165, '', '', ''),
(3598, 'هاملتون', 'Hamilto', 1574, 165, '', '', ''),
(3599, 'Maakau', 'Maakau', 1575, 165, '', '', ''),
(3600, 'الجزيرة الشمالية', 'orth Shore', 1576, 165, '', '', ''),
(3601, 'تاورانجا', 'Tauraga', 1577, 165, '', '', ''),
(3602, 'واتاكيرا', 'Waitakere', 1578, 165, '', '', ''),
(3603, 'ويلينغتون', 'Welligto', 1579, 165, '', '', ''),
(3604, 'Arraija', 'Arraij', 1580, 166, '', '', ''),
(3605, 'Colo', 'Col', 1581, 166, '', '', ''),
(3606, 'دافيد', 'David', 1582, 166, '', '', ''),
(3607, 'La Chorrera', 'Chorrera', 1583, 166, '', '', ''),
(3608, 'Las Cumbres', 'Las Cumbres', 1584, 166, '', '', ''),
(3609, 'Pacora', 'Pacora', 1585, 166, '', '', ''),
(3610, 'بنما', 'Paama', 1586, 166, '', '', ''),
(3611, 'Sa Miguelito', 'Sa Miguelito', 1587, 166, '', '', ''),
(3612, 'سانتياجو', 'Satia', 1588, 166, '', '', ''),
(3613, 'Tocume Iteratioal Airport', 'Tocume', 1589, 166, '', '', ''),
(3614, 'أركويبا', 'Arequipa', 1590, 167, '', '', ''),
(3615, 'تشيكلايو', 'Chiclayo', 1591, 167, '', '', ''),
(3616, 'تشيمبوت', 'Chimbote', 1592, 167, '', '', ''),
(3617, 'كوزكو', 'Cusco', 1593, 167, '', '', ''),
(3618, 'وانكايو', 'Huacayo', 1594, 167, '', '', ''),
(3619, 'إكيتوس', 'Iquitos', 1595, 167, '', '', ''),
(3620, 'ليما', 'Lima', 1596, 167, '', '', ''),
(3621, 'بيورا', 'Piura', 1597, 167, '', '', ''),
(3622, 'تاكنا', 'Taca', 1598, 167, '', '', ''),
(3623, 'Faa', 'Faaa', 1599, 168, '', '', ''),
(3624, 'بابيتي', 'Papeete', 1600, 168, '', '', ''),
(3625, 'Puaauia', 'Puaauia', 1601, 168, '', '', ''),
(3626, 'Arawa', 'Arawa', 1602, 169, '', '', ''),
(3627, 'Kokopo', 'Kokopo', 1603, 169, '', '', ''),
(3628, 'Lae', 'Lae', 1604, 169, '', '', ''),
(3629, 'مادانغ', 'Madag', 1605, 169, '', '', ''),
(3630, 'Mt Hage', 'Mout Hage', 1606, 169, '', '', ''),
(3631, 'Port Moresby', 'Port Moresby', 1607, 169, '', '', ''),
(3632, 'Atipolo City', 'Atipolo', 1608, 170, '', '', ''),
(3633, 'Cagaya de Oro', 'Cagaya De Oro', 1609, 170, '', '', ''),
(3634, 'مدينة سيبو', 'Cebu City', 1610, 170, '', '', ''),
(3635, 'Dasmarias City', 'Dasmarias City', 1611, 170, '', '', ''),
(3636, 'دافاو', 'Davao', 1612, 170, '', '', ''),
(3637, 'Maibaug Pasig', 'Maibaug Pasig', 1613, 170, '', '', ''),
(3638, 'مانيلا', 'Maila', 1614, 170, '', '', ''),
(3639, 'كويزون سيتي', 'Quezo', 1615, 170, '', '', ''),
(3640, 'كويزون سيتي', 'Quezo', 1616, 170, '', '', ''),
(3641, 'بہاولپور', 'Bahawalpur', 1617, 171, '', '', ''),
(3642, 'فيصل أباد', 'Faisalabad', 1618, 171, '', '', ''),
(3643, 'گوجرانوالہ', 'Gujrawala', 1619, 171, '', '', ''),
(3644, 'حيدرآباد', 'Hyderabad', 1620, 171, '', '', ''),
(3645, 'إسلام أباد', 'Islamabad', 1621, 171, '', '', ''),
(3646, 'كراتشي', 'Karachi', 1622, 171, '', '', ''),
(3647, 'لاهور', 'Lahore', 1623, 171, '', '', ''),
(3648, 'ملتان', 'Multa', 1624, 171, '', '', ''),
(3649, 'بيشاوار', 'Peshawar', 1625, 171, '', '', ''),
(3650, 'كويتا', 'Quetta', 1626, 171, '', '', ''),
(3651, 'روالبندي', 'Rawalpidi', 1627, 171, '', '', ''),
(3652, 'سرگودھا', 'Sardha', 1628, 171, '', '', ''),
(3653, 'سيالكوت', 'Sialkot', 1629, 171, '', '', ''),
(3654, 'بيد جوسزكس', 'Bydszcz', 1630, 172, '', '', ''),
(3655, 'دانسك', 'Gdask', 1631, 172, '', '', ''),
(3656, 'كاتوفيتشي', 'Katowice', 1632, 172, '', '', ''),
(3657, 'كراكوف', 'Krakow', 1633, 172, '', '', ''),
(3658, 'لودز', 'Lodz', 1634, 172, '', '', ''),
(3659, 'لوبلن', 'Lubli', 1635, 172, '', '', ''),
(3660, 'بوزنان', 'Poza', 1636, 172, '', '', ''),
(3661, 'Szczeciek', 'Szczeciek', 1637, 172, '', '', ''),
(3662, 'وارسو', 'Warsaw', 1638, 172, '', '', ''),
(3663, 'روكلو', 'Wroclaw', 1639, 172, '', '', ''),
(3664, 'سان بيير', 'SaitPierre', 1640, 173, '', '', ''),
(3665, 'آدمزتاون', 'Adamstow', 1641, 174, '', '', ''),
(3666, 'Bayam', 'Bayamo', 1642, 175, '', '', ''),
(3667, 'Caguas', 'Caguas', 1643, 175, '', '', ''),
(3668, 'كارولينا', 'Carolia', 1644, 175, '', '', ''),
(3669, 'Guayabo', 'Guayabo', 1645, 175, '', '', ''),
(3670, 'Mayagez', 'Mayagez', 1646, 175, '', '', ''),
(3671, 'Poce', 'Poce', 1647, 175, '', '', ''),
(3672, 'سان خوان', 'Sa Jua', 1648, 175, '', '', ''),
(3673, 'Trujillo Alto', 'Trujillo Alto', 1649, 175, '', '', ''),
(3674, 'أمادورا', 'Amadora', 1650, 176, '', '', ''),
(3675, 'براجا', 'Braga', 1651, 176, '', '', ''),
(3676, 'كويمبرا', 'Coimbra', 1652, 176, '', '', ''),
(3677, 'Feira', 'Feira', 1653, 176, '', '', ''),
(3678, 'Fuchal', 'Fuchal', 1654, 176, '', '', ''),
(3679, 'Koror', 'Koror', 1655, 176, '', '', ''),
(3680, 'لشبونة', 'Lisbo', 1656, 176, '', '', ''),
(3681, 'Maia', 'Maia', 1657, 176, '', '', ''),
(3682, 'Matosihos', 'Matosihos', 1658, 176, '', '', ''),
(3683, 'Melekeok', 'Melekeok', 1659, 176, '', '', ''),
(3684, 'بورتو', 'Porto', 1660, 176, '', '', ''),
(3685, 'Setubal', 'Setbal', 1661, 176, '', '', ''),
(3686, 'Vila ova de Gaia', 'Gaia', 1662, 176, '', '', ''),
(3687, 'Asucio', 'Asucio', 1663, 177, '', '', ''),
(3688, 'Capiata', 'Capiata', 1664, 177, '', '', ''),
(3689, 'Ecaracio', 'Ecaracio', 1665, 177, '', '', ''),
(3690, 'Ferado de la Mora', 'Ferado de la Mora', 1666, 177, '', '', ''),
(3691, 'Lambare', 'Lambare', 1667, 177, '', '', ''),
(3692, 'Limpio', 'Limpio', 1668, 177, '', '', ''),
(3693, 'emby', 'emby', 1669, 177, '', '', ''),
(3694, 'Sa Lorezo', 'Sa Lorezo', 1670, 177, '', '', ''),
(3695, 'Villa Elisa', 'Villa Elisa', 1671, 177, '', '', ''),
(3696, 'La Possessio', 'La Possessio', 1672, 178, '', '', ''),
(3697, 'Le Port', 'Le Port', 1673, 178, '', '', ''),
(3698, 'Le Tampo', 'Le Tampo', 1674, 178, '', '', ''),
(3699, 'SaitAdr', 'Saitadr', 1675, 178, '', '', ''),
(3700, 'SaitBeot', 'SaitBeot', 1676, 178, '', '', ''),
(3701, 'سان ديني', 'SaitDeis', 1677, 178, '', '', ''),
(3702, 'Saite Marie', 'Saite Marie', 1678, 178, '', '', ''),
(3703, 'Saite Suzae', 'Saite Suzae', 1679, 178, '', '', ''),
(3704, 'St Joseph', 'St Joseph', 1680, 178, '', '', ''),
(3705, 'SaitLeu', 'SaitLeu', 1681, 178, '', '', ''),
(3706, 'SaitLouis', 'SaitLouis', 1682, 178, '', '', ''),
(3707, 'برايلا', 'Braila', 1683, 179, '', '', ''),
(3708, 'براسوف', 'Brasov', 1684, 179, '', '', ''),
(3709, 'بوخارست', 'Bucharest', 1685, 179, '', '', ''),
(3710, 'كلوجنابوكا', 'Clujapoca', 1686, 179, '', '', ''),
(3711, 'كونستانتسا', 'Costata', 1687, 179, '', '', ''),
(3712, 'كرايوفا', 'Craiova', 1688, 179, '', '', ''),
(3713, 'جالاتي', 'Galati', 1689, 179, '', '', ''),
(3714, 'أياسي', 'Iasi', 1690, 179, '', '', ''),
(3715, 'أوراديا', 'Oradea', 1691, 179, '', '', ''),
(3716, 'بوليستي', 'Ploiesti', 1692, 179, '', '', ''),
(3717, 'تيميشوارا', 'Timisoara', 1693, 179, '', '', ''),
(3718, 'Belgrade', 'Belgrade', 1694, 180, '', '', ''),
(3719, 'Cacak', 'Cacak', 1695, 180, '', '', ''),
(3720, 'is', 'is', 1696, 180, '', '', ''),
(3721, 'ovi Pazar', 'ovi Pazar', 1697, 180, '', '', ''),
(3722, 'ovi Sad', 'ovi Sad', 1698, 180, '', '', ''),
(3723, 'Palaka', 'Palaka', 1699, 180, '', '', ''),
(3724, 'Sremcica', 'Sremcica', 1700, 180, '', '', ''),
(3725, 'Subotica', 'Subotica', 1701, 180, '', '', ''),
(3726, 'Valjevo', 'Valjevo', 1702, 180, '', '', ''),
(3727, 'أرخانغلسك', 'Arkhagelsk', 1703, 181, '', '', ''),
(3728, 'كراسنويارسك كراي', 'Krasoyarsk', 1704, 181, '', '', ''),
(3729, 'موسكو', 'Moscow', 1705, 181, '', '', ''),
(3730, 'نيجني نوفغورود', 'izhiy ovrod', 1706, 181, '', '', ''),
(3731, 'نوفوسيبيرسك', 'ovosibirsk', 1707, 181, '', '', ''),
(3732, 'بيرم', 'Perm', 1708, 181, '', '', ''),
(3733, 'روستوفنادونو', 'RostovoDo', 1709, 181, '', '', ''),
(3734, 'سانت بطرسبرغ', 'Sait Petersburg', 1710, 181, '', '', ''),
(3735, 'سامارا', 'Samara', 1711, 181, '', '', ''),
(3736, 'تومسك', 'Tomsk', 1712, 181, '', '', ''),
(3737, 'تفير', 'Tver', 1713, 181, '', '', ''),
(3738, 'أوفا', 'Ufa', 1714, 181, '', '', ''),
(3739, 'فلاديفوستوك', 'Vladivostok', 1715, 181, '', '', ''),
(3740, 'فولغوغراد', 'Volgrad', 1716, 181, '', '', ''),
(3741, 'ياكوتسك', 'Yakutsk', 1717, 181, '', '', ''),
(3742, 'ييكاتيرينبرغ', 'Yekateriburg', 1718, 181, '', '', ''),
(3743, 'Butare Provice', 'Butare', 1719, 182, '', '', ''),
(3744, 'Byumba', 'Byumba', 1720, 182, '', '', ''),
(3745, 'Cyagugu Provice', 'Cyagugu Provice', 1721, 182, '', '', ''),
(3746, 'Giseyi', 'Giseyi', 1722, 182, '', '', ''),
(3747, 'Gitarama', 'Gitarama', 1723, 182, '', '', ''),
(3748, 'Kibu', 'Kibu', 1724, 182, '', '', ''),
(3749, 'Kibuye', 'Kibuye', 1725, 182, '', '', ''),
(3750, 'كيجالي', 'Kigali', 1726, 182, '', '', ''),
(3751, 'zega', 'zega', 1727, 182, '', '', ''),
(3752, 'Ruhegeri', 'Ruhegeri', 1728, 182, '', '', ''),
(3753, 'Rwamagaa', 'Rwamagaa', 1729, 182, '', '', ''),
(3754, 'هونيارو', 'Hoiara', 1730, 183, '', '', ''),
(3755, 'فيكتوريا', 'Victoria', 1731, 184, '', '', ''),
(3756, 'غوتنبرغ', 'theburg', 1732, 185, '', '', ''),
(3757, 'Likpig', 'Likpig', 1733, 185, '', '', ''),
(3758, 'مالمو', 'Malm', 1734, 185, '', '', ''),
(3759, 'نورشوبينغ', 'orrkpig', 1735, 185, '', '', ''),
(3760, 'rebro', 'rebro', 1736, 185, '', '', ''),
(3761, 'ستوكهولم', 'Stockholm', 1737, 185, '', '', ''),
(3762, 'أوبسالا', 'Uppsala', 1738, 185, '', '', ''),
(3763, 'فيستيروس', 'Vsters', 1739, 185, '', '', ''),
(3764, 'سنغافورة', 'Sigapore', 1740, 186, '', '', ''),
(3765, 'جيمستاون', 'Jamestow', 1741, 187, '', '', ''),
(3766, 'سيلج', 'Celje', 1742, 188, '', '', ''),
(3767, 'Koper', 'Koper', 1743, 188, '', '', ''),
(3768, 'Kraj', 'Kraj', 1744, 188, '', '', ''),
(3769, 'ليوبليانا', 'Ljubljaa', 1745, 188, '', '', ''),
(3770, 'ماريبور', 'Maribor', 1746, 188, '', '', ''),
(3771, 'نوفو ميستو', 'ovo Mesto', 1747, 188, '', '', ''),
(3772, 'Ptuj', 'Ptuj', 1748, 188, '', '', ''),
(3773, 'Trbovlje', 'Trbovlje', 1749, 188, '', '', ''),
(3774, 'Veleje', 'Veleje', 1750, 188, '', '', ''),
(3775, 'بانسكا بيستريكا', 'Bask Bystrica', 1751, 189, '', '', ''),
(3776, 'براتيسلافا', 'Bratislava', 1752, 189, '', '', ''),
(3777, 'كوشيتسه', 'Kosice', 1753, 189, '', '', ''),
(3778, 'مارتن', 'Marti', 1754, 189, '', '', ''),
(3779, 'نيترا', 'itra', 1755, 189, '', '', ''),
(3780, 'بوبراد', 'Poprad', 1756, 189, '', '', ''),
(3781, 'بريسوف', 'Presov', 1757, 189, '', '', ''),
(3782, 'بريفيدزا', 'Prievidza', 1758, 189, '', '', ''),
(3783, 'ترنتشين', 'Treci', 1759, 189, '', '', ''),
(3784, 'ترنافا', 'Trava', 1760, 189, '', '', ''),
(3785, 'زيلينا', 'Zilia', 1761, 189, '', '', ''),
(3786, 'Bo', 'Bo', 1762, 190, '', '', ''),
(3787, 'فريتاون', 'Freetow', 1763, 190, '', '', ''),
(3788, 'Kabala', 'Kabala', 1764, 190, '', '', ''),
(3789, 'Keema', 'Keema', 1765, 190, '', '', ''),
(3790, 'Koidu', 'Koidu', 1766, 190, '', '', ''),
(3791, 'Lusar', 'Lusar', 1767, 190, '', '', ''),
(3792, 'Makei', 'Makei', 1768, 190, '', '', ''),
(3793, 'Port Loko', 'Port Loko', 1769, 190, '', '', ''),
(3794, 'Waterloo', 'Waterloo', 1770, 190, '', '', ''),
(3795, 'سان مارينو', 'Sa Mario', 1771, 191, '', '', ''),
(3796, 'Bigoa', 'Bigoa', 1772, 192, '', '', ''),
(3797, 'دكار', 'Dakar', 1773, 192, '', '', ''),
(3798, 'Dahra', 'Dahra', 1774, 192, '', '', ''),
(3799, 'Kolda', 'Kolda', 1775, 192, '', '', ''),
(3800, 'Mbak Bari', 'Mbak Bari', 1776, 192, '', '', ''),
(3801, 'dibee Dahra', 'dibee Dahra', 1777, 192, '', '', ''),
(3802, 'Pourham Tok', 'Pourham Tok', 1778, 192, '', '', ''),
(3803, 'سانت لويس', 'SaitLouis', 1779, 192, '', '', ''),
(3804, 'Thies oes', 'Thies oes', 1780, 192, '', '', ''),
(3805, 'Tibo', 'Tibo', 1781, 192, '', '', ''),
(3806, 'Ziguichor', 'Ziguichor', 1782, 192, '', '', ''),
(3807, 'Lelydorp', 'Lelydorp', 1783, 193, '', '', ''),
(3808, 'باريماروبو', 'Paramaribo', 1784, 193, '', '', ''),
(3809, 'ساو تومي وبرينسيبي', 'So Tom ad Prcipe', 1785, 194, '', '', ''),
(3810, 'Apopa', 'Apopa', 1786, 195, '', '', ''),
(3811, 'Delgado', 'Delgado', 1787, 195, '', '', ''),
(3812, 'Ilopa', 'Ilopa', 1788, 195, '', '', ''),
(3813, 'Mejicaos', 'Mejicaos', 1789, 195, '', '', ''),
(3814, 'Sata Tecla', 'ueva Sa Salvador', 1790, 195, '', '', ''),
(3815, 'سان ميجول', 'Sa Miguel', 1791, 195, '', '', ''),
(3816, 'سان سلفادور', 'Sa Salvador', 1792, 195, '', '', ''),
(3817, 'Sata Aa', 'Sata Aa', 1793, 195, '', '', ''),
(3818, 'Soyapa', 'Soyapa', 1794, 195, '', '', ''),
(3819, 'Grad Turk', 'Grad Turk', 1795, 196, '', '', ''),
(3820, 'أبشي', 'Abeche', 1796, 197, '', '', ''),
(3821, 'أم تيمان', 'Am Tima', 1797, 197, '', '', ''),
(3822, 'Kelo', 'Kelo', 1798, 197, '', '', ''),
(3823, 'قمرة', 'Koumra', 1799, 197, '', '', ''),
(3824, 'ماوندو', 'Moudou', 1800, 197, '', '', ''),
(3825, 'إنجامينا', 'Djamea', 1801, 197, '', '', ''),
(3826, 'Pala', 'Pala', 1802, 197, '', '', ''),
(3827, 'ساره', 'Sarh', 1803, 197, '', '', ''),
(3828, 'Atakpame', 'Atakpame', 1804, 198, '', '', ''),
(3829, 'Dapaog', 'Dapaog', 1805, 198, '', '', ''),
(3830, 'Kara', 'Kara', 1806, 198, '', '', ''),
(3831, 'Kpalime', 'Kpalime', 1807, 198, '', '', ''),
(3832, 'لومي', 'Lome', 1808, 198, '', '', ''),
(3833, 'Sokode', 'Sokode', 1809, 198, '', '', ''),
(3834, 'بانكوك', 'Bagkok', 1810, 199, '', '', ''),
(3835, 'شيانج ماي', 'Chiag Mai', 1811, 199, '', '', ''),
(3836, 'محافظة تشونبوري', 'Cho Buri', 1812, 199, '', '', ''),
(3837, 'لامبانغ', 'Lampag', 1813, 199, '', '', ''),
(3838, 'Phra Pradaeg District', 'Phra Pradaeg', 1814, 199, '', '', ''),
(3839, 'محافظة ساموت براكان', 'Samut Praka', 1815, 199, '', '', ''),
(3840, 'محافظة ودون تاني', 'Udo Thai', 1816, 199, '', '', ''),
(3841, 'Chubek', 'Chubek', 1817, 200, '', '', ''),
(3842, 'دوشانبي', 'Dushabe', 1818, 200, '', '', ''),
(3843, 'Istaravsha', 'Uroteppa', 1819, 200, '', '', ''),
(3844, 'Koibodom', 'Kaibadam', 1820, 200, '', '', ''),
(3845, 'Kulob', 'Kulob', 1821, 200, '', '', ''),
(3846, 'Qurteppa', 'Qurteppa', 1822, 200, '', '', ''),
(3847, 'ديلي', 'Dili', 1823, 201, '', '', ''),
(3848, 'عشق أباد', 'Ashgabat', 1824, 202, '', '', ''),
(3849, 'Balkaabat', 'Balkaabat', 1825, 202, '', '', ''),
(3850, 'Mary', 'Mary', 1826, 202, '', '', ''),
(3851, 'تركمان أباد', 'Turkmeabat', 1827, 202, '', '', ''),
(3852, 'تركمانباشي', 'Turkmebashi', 1828, 202, '', '', ''),
(3853, 'نيكيوآلوفا', 'ukualofa', 1829, 203, '', '', ''),
(3854, 'أضنة', 'Adaa', 1830, 204, '', '', ''),
(3855, 'أغري', 'Agri', 1831, 204, '', '', ''),
(3856, 'أنقرة', 'Akara', 1832, 204, '', '', ''),
(3857, 'أنطاليا', 'Atalya', 1833, 204, '', '', ''),
(3858, 'بورصة', 'Bursa', 1834, 204, '', '', ''),
(3859, 'ادرنة', 'Edire', 1835, 204, '', '', ''),
(3860, 'اسكيشهر', 'Eskisehir', 1836, 204, '', '', ''),
(3861, 'عنتاب', 'Gaziatep', 1837, 204, '', '', ''),
(3862, 'إسطنبول', 'Istabul', 1838, 204, '', '', ''),
(3863, 'إزمير', 'Izmir', 1839, 204, '', '', ''),
(3864, 'Lake Izik', 'Izik', 1840, 204, '', '', ''),
(3865, 'قيصرية', 'Kayseri', 1841, 204, '', '', ''),
(3866, 'Kaza', 'Kaza', 1842, 204, '', '', ''),
(3867, 'قونية', 'Koya', 1843, 204, '', '', ''),
(3868, 'ماردين', 'Mardi', 1844, 204, '', '', ''),
(3869, 'طرابزون', 'Trabzo', 1845, 204, '', '', ''),
(3870, 'Chaguaas', 'Chaguaas', 1846, 205, '', '', ''),
(3871, 'Paradise', 'Paradise', 1847, 205, '', '', ''),
(3872, 'Poit Forti', 'Poit Forti', 1848, 205, '', '', ''),
(3873, 'بورت أوف سبين', 'Port of Spai', 1849, 205, '', '', ''),
(3874, 'Sagre Grade', 'Sagre Grade', 1850, 205, '', '', ''),
(3875, 'TuapuaPiarco', 'Tuapua', 1851, 205, '', '', ''),
(3876, 'فونافوتي', 'Fuafuti', 1852, 206, '', '', ''),
(3877, 'Keelug City', 'Keelug City', 1853, 207, '', '', ''),
(3878, 'مدينة هوالين', 'Hualia City', 1854, 207, '', '', ''),
(3879, 'كاوهسيونغ', 'Kaohsiug City', 1855, 207, '', '', ''),
(3880, 'كاوهسيونغ', 'Kaohsiug City', 1856, 207, '', '', ''),
(3881, 'Ta-hsi-che', 'Ta-hsi-che', 1857, 207, '', '', ''),
(3882, 'Shihtou Park', 'Shihtou Park', 1858, 207, '', '', ''),
(3883, 'Taia City', 'Taia', 1859, 207, '', '', ''),
(3884, 'تايبيه', 'Taipei', 1860, 207, '', '', ''),
(3885, 'Yuli Couty', 'Yuli Couty', 1861, 207, '', '', ''),
(3886, 'Arusha', 'Arusha', 1862, 208, '', '', ''),
(3887, 'دار السلام', 'Dar Es Salaam', 1863, 208, '', '', ''),
(3888, 'دودوما', 'Dodoma', 1864, 208, '', '', ''),
(3889, 'إنزيجا', 'Iriga', 1865, 208, '', '', ''),
(3890, 'كيجوما', 'Kima', 1866, 208, '', '', ''),
(3891, 'مبيا', 'Mbeya', 1867, 208, '', '', ''),
(3892, 'موروجورو', 'Mororo', 1868, 208, '', '', ''),
(3893, 'Moshi', 'Moshi', 1869, 208, '', '', ''),
(3894, 'Musoma', 'Musoma', 1870, 208, '', '', ''),
(3895, 'موانزا', 'Mwaza', 1871, 208, '', '', ''),
(3896, 'Tabora', 'Tabora', 1872, 208, '', '', ''),
(3897, 'تانغا', 'Taga', 1873, 208, '', '', ''),
(3898, 'مدينة زنجبار', 'Zazibar', 1874, 208, '', '', ''),
(3899, 'ألباني', 'Albay', 1875, 209, '', '', ''),
(3900, 'أنابوليس', 'Aapolis', 1876, 209, '', '', ''),
(3901, 'أطلنطا', 'Atlata', 1877, 209, '', '', ''),
(3902, 'أوجوستا', 'Augusta', 1878, 209, '', '', ''),
(3903, 'أوستن', 'Austi', 1879, 209, '', '', ''),
(3904, 'بالتيمور', 'Baltimore', 1880, 209, '', '', ''),
(3905, 'باتون روج', 'Bato Rouge', 1881, 209, '', '', ''),
(3906, 'بسمارك', 'Bismarck', 1882, 209, '', '', ''),
(3907, 'بويسي', 'Boise', 1883, 209, '', '', ''),
(3908, 'بوسطن', 'Bosto', 1884, 209, '', '', ''),
(3909, 'كارسون سيتي', 'Carso City', 1885, 209, '', '', ''),
(3910, 'تشارلستون', 'Charlesto', 1886, 209, '', '', ''),
(3911, 'شارلوت', 'Charlotte', 1887, 209, '', '', ''),
(3912, 'تشيني', 'Cheyee', 1888, 209, '', '', ''),
(3913, 'شيكاغو', 'Chica', 1889, 209, '', '', ''),
(3914, 'كولومبيا', 'Columbia', 1890, 209, '', '', ''),
(3915, 'كولومبس', 'Columbus', 1891, 209, '', '', ''),
(3916, 'كونكورد', 'Cocord', 1892, 209, '', '', ''),
(3917, 'دالاس', 'Dallas', 1893, 209, '', '', ''),
(3918, 'دنفر', 'Dever', 1894, 209, '', '', ''),
(3919, 'دي موين', 'Des Moies', 1895, 209, '', '', ''),
(3920, 'ديترويت', 'Detroit', 1896, 209, '', '', ''),
(3921, 'دوفر', 'Dover', 1897, 209, '', '', ''),
(3922, 'إلباسو', 'El Paso', 1898, 209, '', '', ''),
(3923, 'فورت وورث', 'Fort Worth', 1899, 209, '', '', ''),
(3924, 'فرانكفورت', 'Frakfort', 1900, 209, '', '', ''),
(3925, 'هاريسبرج', 'Harrisburg', 1901, 209, '', '', ''),
(3926, 'هارتفورد', 'Hartford', 1902, 209, '', '', ''),
(3927, 'هيلينا', 'Helea', 1903, 209, '', '', ''),
(3928, 'هونولولو', 'Hoolulu', 1904, 209, '', '', ''),
(3929, 'هيوستن', 'Housto', 1905, 209, '', '', ''),
(3930, 'إنديانابوليس', 'Idiaapolis', 1906, 209, '', '', ''),
(3931, 'جاكسونفيل', 'Jackso', 1907, 209, '', '', ''),
(3932, 'جاكسونفيل', 'Jacksoville', 1908, 209, '', '', ''),
(3933, 'جيفرسون سيتي', 'Jefferso City', 1909, 209, '', '', ''),
(3934, 'جونو', 'Jueau', 1910, 209, '', '', ''),
(3935, 'كانساس سيتي', 'Kasas City', 1911, 209, '', '', ''),
(3936, 'لانسنج', 'Lasig', 1912, 209, '', '', ''),
(3937, 'لاس فيغاس', 'Las Vegas', 1913, 209, '', '', ''),
(3938, 'لينكون', 'Licol', 1914, 209, '', '', ''),
(3939, 'ليتل روك', 'Little Rock', 1915, 209, '', '', ''),
(3940, 'لوس أنجلوس', 'Los Ageles', 1916, 209, '', '', ''),
(3941, 'ماديسون', 'Madiso', 1917, 209, '', '', ''),
(3942, 'ممفيس', 'Memphis', 1918, 209, '', '', ''),
(3943, 'ميامي', 'Miami', 1919, 209, '', '', ''),
(3944, 'ميلووكي', 'Milwaukee', 1920, 209, '', '', ''),
(3945, 'مونتجمري', 'Motmery', 1921, 209, '', '', ''),
(3946, 'ناشفيل', 'ashville', 1922, 209, '', '', ''),
(3947, 'نيويورك', 'ew York', 1923, 209, '', '', ''),
(3948, 'أوكلاند، كاليفورنيا', 'Oaklad', 1924, 209, '', '', ''),
(3949, 'أوكلاهوما سيتي', 'Oklahoma City', 1925, 209, '', '', ''),
(3950, 'أولمبيا، واشنطن', 'Olympia', 1926, 209, '', '', ''),
(3951, 'فيلادلفيا', 'Philadelphia', 1927, 209, '', '', ''),
(3952, 'فينيكس', 'Phoeix', 1928, 209, '', '', ''),
(3953, 'بورتلاند', 'Portlad', 1929, 209, '', '', ''),
(3954, 'بروفيدانس', 'Providece', 1930, 209, '', '', ''),
(3955, 'رالي', 'Raleigh', 1931, 209, '', '', ''),
(3956, 'روتيردام، نيويورك', 'Rotterdam', 1932, 209, '', '', ''),
(3957, 'ساكرمينتو', 'Sacrameto', 1933, 209, '', '', ''),
(3958, 'سانت باول، مينيسوتا', 'Sait Paul', 1934, 209, '', '', ''),
(3959, 'سالم', 'Salem', 1935, 209, '', '', ''),
(3960, 'سولت لايك سيتي', 'Salt Lake City', 1936, 209, '', '', ''),
(3961, 'سان أنطونيو', 'Sa Atoio', 1937, 209, '', '', ''),
(3962, 'سان دييغو', 'Sa Die', 1938, 209, '', '', ''),
(3963, 'سان فرانسيسكو', 'Sa Fracisco', 1939, 209, '', '', ''),
(3964, 'سان هوزيه', 'Sa Jose', 1940, 209, '', '', ''),
(3965, 'سانتا في', 'Sata Fe', 1941, 209, '', '', ''),
(3966, 'سياتل', 'Seattle', 1942, 209, '', '', ''),
(3967, 'سبرينجفيلد', 'Sprigfield', 1943, 209, '', '', ''),
(3968, 'تالاهاسي', 'Tallahassee', 1944, 209, '', '', ''),
(3969, 'توبيكا', 'Topeka', 1945, 209, '', '', ''),
(3970, 'ترينتون', 'Treto', 1946, 209, '', '', ''),
(3971, 'تلسا', 'Tulsa', 1947, 209, '', '', ''),
(3972, 'أرتيجاس', 'Artigas', 1948, 210, '', '', ''),
(3973, 'Las Piedras', 'Las Piedras', 1949, 210, '', '', ''),
(3974, 'مالدونادو', 'Maldoado', 1950, 210, '', '', ''),
(3975, 'Melo', 'Melo', 1951, 210, '', '', ''),
(3976, 'مرسيدس', 'Mercedes', 1952, 210, '', '', ''),
(3977, 'مونتيفيديو', 'Motevideo', 1953, 210, '', '', ''),
(3978, 'Paysad', 'Paysad', 1954, 210, '', '', ''),
(3979, 'ريفيرا', 'Rivera', 1955, 210, '', '', ''),
(3980, 'سالتو', 'Salto', 1956, 210, '', '', ''),
(3981, 'تاكواريمبو', 'Tacuarembo', 1957, 210, '', '', ''),
(3982, 'أندزان', 'Adijo', 1958, 211, '', '', ''),
(3983, 'بخارى', 'Bukhara Provice', 1959, 211, '', '', ''),
(3984, 'Chirchik', 'Chirchik', 1960, 211, '', '', ''),
(3985, 'Fara Rd', 'Fara Rd', 1961, 211, '', '', ''),
(3986, 'Margilo soy river', 'Margilo soy river', 1962, 211, '', '', ''),
(3987, 'نمنغان', 'amaga', 1963, 211, '', '', ''),
(3988, 'ukus', 'ukus', 1964, 211, '', '', ''),
(3989, 'Kamashi District', 'Kamashi District', 1965, 211, '', '', ''),
(3990, 'قرشي', 'Qarshi', 1966, 211, '', '', ''),
(3991, 'سمرقند', 'Samarqad', 1967, 211, '', '', ''),
(3992, 'طشقند', 'Tashket', 1968, 211, '', '', ''),
(3993, 'جرجانية', 'Urgech', 1969, 211, '', '', ''),
(3994, 'Kigstow Hill', 'Kigstow Hill', 1970, 213, '', '', ''),
(3995, 'كينجستون', 'Kigstow', 1971, 213, '', '', ''),
(3996, 'Alto Barias', 'Alto Barias', 1972, 214, '', '', ''),
(3997, 'برشلونة', 'Barceloa', 1973, 214, '', '', ''),
(3998, 'بركسميتو', 'Barquisimeto', 1974, 214, '', '', '');
INSERT INTO `city` (`CityId`, `Name`, `EnglishName`, `OrderNum`, `CountryId`, `name3`, `name4`, `name5`) VALUES
(3999, 'كاراكاس', 'Caracas', 1975, 214, '', '', ''),
(4000, 'Guayaa City', 'Ciudad Guayaa', 1976, 214, '', '', ''),
(4001, 'ماراكايبو', 'Maracaibo', 1977, 214, '', '', ''),
(4002, 'Maturi', 'Matur', 1978, 214, '', '', ''),
(4003, 'Petare', 'Petare', 1979, 214, '', '', ''),
(4004, 'Turmero', 'Turmero', 1980, 214, '', '', ''),
(4005, 'فالينسيا', 'Valecia', 1981, 214, '', '', ''),
(4006, 'رود تاون', 'Road Tow', 1982, 215, '', '', ''),
(4007, 'شارلوت أملي', 'Charlotte Amalie', 1983, 216, '', '', ''),
(4008, 'دا نانج', 'Da ag', 1984, 217, '', '', ''),
(4009, 'هانوي', 'Haoi', 1985, 217, '', '', ''),
(4010, 'هايفونج', 'Hai Phog', 1986, 217, '', '', ''),
(4011, 'هوي', 'Hue', 1987, 217, '', '', ''),
(4012, 'مدينة هو تشي منه', 'Ho Chi Mih City', 1988, 217, '', '', ''),
(4013, 'Vih Log', 'Vih Log', 1989, 217, '', '', ''),
(4014, 'بورت فيلا', 'Port Vila', 1990, 218, '', '', ''),
(4015, 'Beoi', 'Beoi', 1991, 220, '', '', ''),
(4016, 'بلومفونتين', 'Bloemfotei', 1992, 220, '', '', ''),
(4017, 'كيب تاون', 'Cape Tow', 1993, 220, '', '', ''),
(4018, 'ديربان', 'Durba', 1994, 220, '', '', ''),
(4019, 'جوهانسبرغ', 'Johaesburg', 1995, 220, '', '', ''),
(4020, 'بيترماريتسبورج', 'Pietermaritzburg', 1996, 220, '', '', ''),
(4021, 'بورت اليزابيث', 'Port Elizabeth', 1997, 220, '', '', ''),
(4022, 'بريتوريا', 'Pretoria', 1998, 220, '', '', ''),
(4023, 'سويتو', 'Soweto', 1999, 220, '', '', ''),
(4024, 'يرينيجينج', 'Vereeigig', 2000, 220, '', '', ''),
(4025, 'Chililabombwe', 'Chililabombwe', 2001, 221, '', '', ''),
(4026, 'Chila', 'Chila', 2002, 221, '', '', ''),
(4027, 'Chipata', 'Chipata', 2003, 221, '', '', ''),
(4028, 'Kabwe', 'Kabwe', 2004, 221, '', '', ''),
(4029, 'Kasama', 'Kasama', 2005, 221, '', '', ''),
(4030, 'Kitwe', 'Kitwe', 2006, 221, '', '', ''),
(4031, 'ليفينجستون', 'Livigstoe', 2007, 221, '', '', ''),
(4032, 'Luashya', 'Luashya', 2008, 221, '', '', ''),
(4033, 'لوساكا', 'Lusaka', 2009, 221, '', '', ''),
(4034, 'Mufulira', 'Mufulira', 2010, 221, '', '', ''),
(4035, 'dola', 'dola', 2011, 221, '', '', ''),
(4036, 'بولاوايو', 'Bulawayo', 2012, 222, '', '', ''),
(4037, 'Chihoyi', 'Chihoyi', 2013, 222, '', '', ''),
(4038, 'Chitugwiza', 'Chitugwiza', 2014, 222, '', '', ''),
(4039, 'Epworth', 'Epworth', 2015, 222, '', '', ''),
(4040, 'Gweru', 'Gweru', 2016, 222, '', '', ''),
(4041, 'هراري', 'Harare', 2017, 222, '', '', ''),
(4042, 'Kadoma', 'Kadoma', 2018, 222, '', '', ''),
(4043, 'Marodera', 'Marodera', 2019, 222, '', '', ''),
(4044, 'ماسفينجو', 'Masvi', 2020, 222, '', '', ''),
(4045, 'Mutare', 'Mutare', 2021, 222, '', '', '');

-- --------------------------------------------------------

--
-- Table structure for table `constant_table`
--

CREATE TABLE `constant_table` (
  `id` int(11) NOT NULL,
  `name` varchar(50) NOT NULL,
  `type` int(11) NOT NULL
) ENGINE=InnoDB DEFAULT CHARSET=utf8;

--
-- Dumping data for table `constant_table`
--

INSERT INTO `constant_table` (`id`, `name`, `type`) VALUES
(1, 'مفعل', 1),
(2, 'موقوف', 1),
(3, 'تم حذفه', 1),
(4, 'جديد', 2),
(5, 'معلق', 2),
(6, 'مؤكد', 2),
(7, 'منتهى', 2),
(8, 'ملغي', 2),
(9, 'الأقدام', 3),
(10, 'الدراجة الهوائية', 3),
(11, 'الدراجة النارية', 3),
(12, 'السيارة', 3),
(13, 'الطائرة', 3),
(14, 'الباخرة', 3),
(15, 'القطار', 3),
(16, 'الترام', 3),
(17, 'الحافلة', 3),
(18, 'الصحة', 4),
(19, 'التعليم', 4),
(20, 'الهندسة', 4),
(21, 'الدراسات العليا', 4),
(22, 'الأعمال الحرة', 4),
(23, ' أخرى', 4);

-- --------------------------------------------------------

--
-- Table structure for table `country`
--

CREATE TABLE `country` (
  `CountryId` int(11) NOT NULL,
  `Name` varchar(300) DEFAULT NULL,
  `EnglishName` varchar(300) DEFAULT NULL,
  `Nationality` varchar(300) DEFAULT NULL,
  `EnglishNationality` varchar(300) DEFAULT NULL,
  `name3` varchar(300) DEFAULT NULL,
  `name4` varchar(300) DEFAULT NULL,
  `name5` varchar(300) DEFAULT NULL
) ENGINE=InnoDB DEFAULT CHARSET=utf8;

--
-- Dumping data for table `country`
--

INSERT INTO `country` (`CountryId`, `Name`, `EnglishName`, `Nationality`, `EnglishNationality`, `name3`, `name4`, `name5`) VALUES
(1, 'السعودية', 'Saudi Arabia', 'سعودي', NULL, NULL, NULL, NULL),
(2, 'قطر', 'Qatar', 'قطري', NULL, NULL, NULL, NULL),
(3, 'الإمارات العربية المتحدة', 'United Arab Emirates', 'إماراتي', NULL, NULL, NULL, NULL),
(4, 'الكويت', 'Kuwait', 'كويتي', NULL, NULL, NULL, NULL),
(5, 'البحرين', 'Bahrai', 'بحريني', NULL, NULL, NULL, NULL),
(6, 'مصر', 'Egypt', 'مصري', NULL, NULL, NULL, NULL),
(7, 'السودان', 'Suda', 'سوداني', NULL, NULL, NULL, NULL),
(8, 'اليمن', 'Yeme', 'يمني', NULL, NULL, NULL, NULL),
(9, 'العراق', 'Iraq', 'عراقي', NULL, NULL, NULL, NULL),
(10, 'الجزائر', 'Algeria', 'جزائري', NULL, NULL, NULL, NULL),
(11, 'الأردن', 'Jorda', 'أردني', NULL, NULL, NULL, NULL),
(12, 'لبنان', 'Lebano', 'لبناني', NULL, NULL, NULL, NULL),
(13, 'سوريا', 'Syria', 'سوري', NULL, NULL, NULL, NULL),
(14, 'ليبيا', 'Libya', 'ليبيي', NULL, NULL, NULL, NULL),
(15, 'المغرب', 'Morocco', 'مغربي', NULL, NULL, NULL, NULL),
(16, 'موريتانيا', 'Mauritania', 'موريتاني', NULL, NULL, NULL, NULL),
(17, 'عمان', 'Oma', 'عماني', NULL, NULL, NULL, NULL),
(18, 'فلسطين', 'Palestine', 'فلسطيني', NULL, NULL, NULL, NULL),
(19, 'تونس', 'Tunisia', 'تونسي', NULL, NULL, NULL, NULL),
(20, 'الصومال', 'Somalia', 'صومالي', NULL, NULL, NULL, NULL),
(21, 'جيبوتي', 'Djibouti', 'جيبوتي', NULL, NULL, NULL, NULL),
(22, 'جزر القمر', 'Comores', 'جزر القمر', NULL, NULL, NULL, NULL),
(23, 'أندورا', 'Andorra', 'أندوري', NULL, NULL, NULL, NULL),
(24, 'أفغانستان', 'Afghanista', 'أفغانستاني', NULL, NULL, NULL, NULL),
(25, 'أنتيجوا', 'Antigua', 'أنتيجوي', NULL, NULL, NULL, NULL),
(26, 'أنجويلا', 'Anguilla', 'أنجويلي', NULL, NULL, NULL, NULL),
(27, 'ألبانيا', 'Albania', 'ألباني', NULL, NULL, NULL, NULL),
(28, 'أرمينيا', 'Armenia', 'أرميني', NULL, NULL, NULL, NULL),
(29, 'أنجولا', 'Anla', 'أنجولي', NULL, NULL, NULL, NULL),
(30, 'الأرجنتين', 'Argentina', 'أرجنتيني', NULL, NULL, NULL, NULL),
(31, 'ساموا الأمريكية', 'American Samoa', 'ساموي الأمريكي', NULL, NULL, NULL, NULL),
(32, 'النمسا', 'Austria', 'نمسواي', NULL, NULL, NULL, NULL),
(33, 'أستراليا', 'Australia', 'أسترالي', NULL, NULL, NULL, NULL),
(34, 'أروبا', 'Aruba', 'أروبي', NULL, NULL, NULL, NULL),
(35, 'أذربيجان', 'Azerbaija', 'أذربيجاني', NULL, NULL, NULL, NULL),
(36, 'البوسنة والهرسك', 'Bosnia and Herzevina', 'بوسني', NULL, NULL, NULL, NULL),
(37, 'بربادوس', 'Barbados', 'بربادوسي', NULL, NULL, NULL, NULL),
(38, 'بنغلاديش', 'Bangladesh', 'بنغلاديشي', NULL, NULL, NULL, NULL),
(39, 'بلجيكا', 'Belgium', 'بلجيكي', NULL, NULL, NULL, NULL),
(40, 'بوركينا فاسو', 'Burkina Faso', 'بوركيني', NULL, NULL, NULL, NULL),
(41, 'بلغاريا', 'Bulgaria', 'بلغاري', NULL, NULL, NULL, NULL),
(42, 'بوروندي', 'Burundi', 'بوروندي', NULL, NULL, NULL, NULL),
(43, 'بنين', 'Beni', 'بنيني', NULL, NULL, NULL, NULL),
(44, 'سانت بارتيليمي', ' Saint Barthélemy', 'سانت بارتيليمي', NULL, NULL, NULL, NULL),
(45, 'برمودا', 'Bermuda', 'برمودي', NULL, NULL, NULL, NULL),
(46, 'بروناي دار السلام', 'Brunei Darussalam', 'بروناي دار السلام', NULL, NULL, NULL, NULL),
(47, 'بوليفيا', 'Bolivia', 'بوليفي', NULL, NULL, NULL, NULL),
(48, 'البرازيل', 'Brazil', 'برازيلي', NULL, NULL, NULL, NULL),
(49, 'جزر البهاما', 'Bahamas', 'جزر البهاما', NULL, NULL, NULL, NULL),
(50, 'بوتان', 'Bhuta', 'بوتاني', NULL, NULL, NULL, NULL),
(51, 'بوتسوانا', 'Botswana', 'بوتسواني', NULL, NULL, NULL, NULL),
(52, 'روسيا البيضاء', 'Biélorussie', 'روسيا البيضاء', NULL, NULL, NULL, NULL),
(53, 'بليز', 'Belize', 'بليزي', NULL, NULL, NULL, NULL),
(54, 'كندا', 'Canada', 'كندي', NULL, NULL, NULL, NULL),
(55, 'جمهورية الكونغو الديموقراطية', 'Con, Democratic Republic of the (Zaire),', 'كونغولي', NULL, NULL, NULL, NULL),
(56, 'جمهورية أفريقيا الوسطى', 'Central African Republic', 'جمهورية أفريقيا الوسطى', NULL, NULL, NULL, NULL),
(57, 'الكونغو', 'Con', 'كونغولي', NULL, NULL, NULL, NULL),
(58, 'سويسرا', 'Suisse', 'سويسري', NULL, NULL, NULL, NULL),
(59, 'ساحل العاج', 'Ivory Coast', 'ساحل العاج', NULL, NULL, NULL, NULL),
(60, 'جزر كوك', 'Cocos Islands', 'جزر كوك', NULL, NULL, NULL, NULL),
(61, 'تشيلي', 'Chile', 'تشيلي', NULL, NULL, NULL, NULL),
(62, 'الكاميرون', 'Cameroo', 'كاميروني', NULL, NULL, NULL, NULL),
(63, 'الصين', 'China', 'صيني', NULL, NULL, NULL, NULL),
(64, 'كولومبيا', 'Colombia', 'كولومبي', NULL, NULL, NULL, NULL),
(65, 'كوستاريكا', 'Costa Rica', 'كوستاريكي', NULL, NULL, NULL, NULL),
(66, 'كوبا', 'Cuba', 'كوبي', NULL, NULL, NULL, NULL),
(67, 'الرأس الأخضر', 'Cape Verde', 'الرأس الأخضر', NULL, NULL, NULL, NULL),
(68, 'جزيرة الكريسماس', 'Christmas Island', 'جزيرة الكريسماس', NULL, NULL, NULL, NULL),
(69, 'قبرص', 'Cyprus', 'قبرصي', NULL, NULL, NULL, NULL),
(70, 'جمهورية التشيك', 'Czech Republic', 'تشيكي', NULL, NULL, NULL, NULL),
(71, 'ألمانيا', 'Germany', 'ألماني', NULL, NULL, NULL, NULL),
(72, 'الدنمارك', 'Denmark', 'دنماركي', NULL, NULL, NULL, NULL),
(73, 'دومينيكا', 'Dominica', 'دومينيكا', NULL, NULL, NULL, NULL),
(74, 'جمهورية الدومينيكان', 'Dominican Republic', 'دومينيكاني', NULL, NULL, NULL, NULL),
(75, 'الاكوادور', 'Ecuador', 'اكوادوري', NULL, NULL, NULL, NULL),
(76, 'استونيا', 'Estonia', 'استوني', NULL, NULL, NULL, NULL),
(77, 'الصحراء الغربية', 'Western Sahara', 'الصحراء الغربية', NULL, NULL, NULL, NULL),
(78, 'إريتريا', 'Eritrea', 'إريتري', NULL, NULL, NULL, NULL),
(79, 'إسبانيا', 'Spai', 'إسباني', NULL, NULL, NULL, NULL),
(80, 'أثيوبيا', 'Ethiopia', 'أثيوبي', NULL, NULL, NULL, NULL),
(81, 'فنلندا', 'Finland', 'فنلندي', NULL, NULL, NULL, NULL),
(82, 'فيجي', 'Fiji', 'فيجي', NULL, NULL, NULL, NULL),
(83, 'جزر فوكلاند (مالفيناس),', 'Falkland Islands', 'جزر فوكلاند (مالفيناس),', NULL, NULL, NULL, NULL),
(84, 'ميكرونيزيا', 'Micronesia, Federated States of', 'ميكرونيزي', NULL, NULL, NULL, NULL),
(85, 'جزر فارو', 'Faroe Islands', 'جزر فارو', NULL, NULL, NULL, NULL),
(86, 'فرنسا', 'France', 'فرنسي', NULL, NULL, NULL, NULL),
(87, 'الغابون', 'Gabo', 'غابوني', NULL, NULL, NULL, NULL),
(88, 'المملكة المتحدة لبريطانيا العظمى وأيرلندا الشمالية', 'United Kingdom', 'إنجليزي', NULL, NULL, NULL, NULL),
(89, 'غرينادا', 'Grenada', 'غرينادي', NULL, NULL, NULL, NULL),
(90, 'جورجيا', 'Georgia', 'جورجي', NULL, NULL, NULL, NULL),
(91, 'غويانا', 'Guyana', 'غوياني', NULL, NULL, NULL, NULL),
(92, 'غيرنسي', 'Guernsey', 'غيرنسي', NULL, NULL, NULL, NULL),
(93, 'غانا', 'Ghana', 'غاني', NULL, NULL, NULL, NULL),
(94, 'جبل طارق', 'Gibraltar', 'جبل طارق', NULL, NULL, NULL, NULL),
(95, 'جرينلاند', 'Greenland', 'جرينلاندي', NULL, NULL, NULL, NULL),
(96, 'غامبيا', 'Gambia', 'غامبي', NULL, NULL, NULL, NULL),
(97, 'غينيا', 'Guinea', 'غيني', NULL, NULL, NULL, NULL),
(98, 'غوادلوب', 'Guadeloupe', 'غوادلوبي', NULL, NULL, NULL, NULL),
(99, 'غينيا الاستوائية', 'Equatorial Guinea', 'غيني', NULL, NULL, NULL, NULL),
(100, 'اليونان', 'Greece', 'يوناني', NULL, NULL, NULL, NULL),
(101, 'جورجيا الجنوبية وجزر ساندويتش الجنوبية ', 'South Georgia and the South Sandwich Islands', 'جورجيا الجنوبية وجزر ساندويتش الجنوبية ', NULL, NULL, NULL, NULL),
(102, 'غواتيمالا', 'Guatemala', 'غواتيمالي', NULL, NULL, NULL, NULL),
(103, 'غوام', 'Guam', 'غوامي', NULL, NULL, NULL, NULL),
(104, 'غينيا بيساو', 'Guinea-Bissau', 'غيني', NULL, NULL, NULL, NULL),
(105, 'غويانا', 'Guyana', NULL, NULL, NULL, NULL, NULL),
(106, 'هونغ كونغ', 'Hong Kong', 'هونغ كونغ', NULL, NULL, NULL, NULL),
(107, 'كرواتيا', 'Croatia', 'كرواتي', NULL, NULL, NULL, NULL),
(108, 'هايتي', 'Haiti', 'هايتي', NULL, NULL, NULL, NULL),
(109, 'هنغاريا', 'Hungary', 'هنغاري', NULL, NULL, NULL, NULL),
(110, 'أندونيسيا', 'Indonesia', 'أندونيسي', NULL, NULL, NULL, NULL),
(111, 'أيرلندا', 'Ireland', 'أيرلندي', NULL, NULL, NULL, NULL),
(112, 'جزيرة مان', 'Isle of Ma', 'جزيرة مان', NULL, NULL, NULL, NULL),
(113, 'الهند', 'India', 'هندي', NULL, NULL, NULL, NULL),
(114, 'ايران', 'Ira', 'ايراني', NULL, NULL, NULL, NULL),
(115, 'أيسلندا', 'Iceland', 'أيسلندي', NULL, NULL, NULL, NULL),
(116, 'إيطاليا', 'Italy', 'إيطالي', NULL, NULL, NULL, NULL),
(117, 'جيرسي', 'Jersey', 'جيرسي', NULL, NULL, NULL, NULL),
(118, 'جامايكا', 'Jamaica', 'جامايكي', NULL, NULL, NULL, NULL),
(119, 'اليابان', 'Japa', 'ياباني', NULL, NULL, NULL, NULL),
(120, 'كينيا', 'Kenya', 'كيني', NULL, NULL, NULL, NULL),
(121, 'جمهورية قيرغيزستان', 'Kyrgyzsta', 'قيرغيزستاني', NULL, NULL, NULL, NULL),
(122, 'كمبوديا', 'Cambodia', 'كمبودي', NULL, NULL, NULL, NULL),
(123, 'كيريباتي', 'Kiribati', 'كيريباتي', NULL, NULL, NULL, NULL),
(124, 'سانت كيتس ونيفيس', 'Saint Kitts and Nevis', 'سانت كيتس ونيفيس', NULL, NULL, NULL, NULL),
(125, 'كوريا الشمالية', 'North Korea', 'كوري شمالي', NULL, NULL, NULL, NULL),
(126, 'كوريا الجنوبية', 'South Korea', 'كوري جنوبي', NULL, NULL, NULL, NULL),
(127, 'جزر كايمان', 'Cayman Islands', 'جزر كايمان', NULL, NULL, NULL, NULL),
(128, 'كازاخستان', 'Kazakhsta', 'كازاخستاني', NULL, NULL, NULL, NULL),
(129, 'جمهورية لاو الديمقراطية الشعبية', 'Laos', 'جمهورية لاو الديمقراطية الشعبية', NULL, NULL, NULL, NULL),
(130, 'سانت لوسيا', 'Saint Lucia', 'سانت لوسي', NULL, NULL, NULL, NULL),
(131, 'ليختنشتاين', 'Liechtenstei', 'ليختنشتايني', NULL, NULL, NULL, NULL),
(132, 'سريلانكا', 'Sri Lanka', 'سريلانكي', NULL, NULL, NULL, NULL),
(133, 'ليبيريا', 'Liberia', 'ليبيري', NULL, NULL, NULL, NULL),
(134, 'ليسوتو', 'Lesotho', 'ليسوتوي', NULL, NULL, NULL, NULL),
(135, 'ليتوانيا', 'Lithuania', 'ليتواني', NULL, NULL, NULL, NULL),
(136, 'لوكسمبورغ', 'Luxembourg', 'لوكسمبورغي', NULL, NULL, NULL, NULL),
(137, 'لاتفيا', 'Latvia', 'لاتفي', NULL, NULL, NULL, NULL),
(138, 'موناكو', 'Monaco', 'موناكو', NULL, NULL, NULL, NULL),
(139, 'مولدوفا', 'Moldova', 'مولدوفي', NULL, NULL, NULL, NULL),
(140, 'الجبل الأسود', 'Montenegro', 'الجبل الأسود', NULL, NULL, NULL, NULL),
(141, 'مدغشقر', 'Madagascar', 'مدغشقري', NULL, NULL, NULL, NULL),
(142, 'جزر مارشال', 'Marshall Islands', 'مارشالي', NULL, NULL, NULL, NULL),
(143, 'مقدونيا', 'Macedonia', 'مقدوني', NULL, NULL, NULL, NULL),
(144, 'مالي', 'Mali', 'مالي', NULL, NULL, NULL, NULL),
(145, 'ميانمار', 'Myanmar', 'ميانماري', NULL, NULL, NULL, NULL),
(146, 'منغوليا', 'Monlia', 'منغولي', NULL, NULL, NULL, NULL),
(147, 'مارتينيك', 'Martinique', 'مارتينيكي', NULL, NULL, NULL, NULL),
(148, 'مونتسيرات', 'Montserrat', 'مونتسيراتي', NULL, NULL, NULL, NULL),
(149, 'مالطا', 'Malta', 'مالطي', NULL, NULL, NULL, NULL),
(150, 'موريشيوس', 'Mauritius', 'موريشيوسي', NULL, NULL, NULL, NULL),
(151, 'جزر المالديف', 'Maldives', 'مالديفي', NULL, NULL, NULL, NULL),
(152, 'ملاوي', 'Malawi', 'ملاوي', NULL, NULL, NULL, NULL),
(153, 'المكسيك', 'Mexico', 'مكسيكي', NULL, NULL, NULL, NULL),
(154, 'ماليزيا', 'Malaysia', 'ماليزي', NULL, NULL, NULL, NULL),
(155, 'موزمبيق', 'Mozambique', 'موزمبيقي', NULL, NULL, NULL, NULL),
(156, 'ناميبيا', 'Namibia', 'ناميبي', NULL, NULL, NULL, NULL),
(157, 'كاليدونيا الجديدة', 'New Caledonia', 'كاليدوني', NULL, NULL, NULL, NULL),
(158, 'النيجر', 'Niger', 'نيجري', NULL, NULL, NULL, NULL),
(159, 'جزيرة نورفولك', 'Norfolk Island', 'نورفولكي', NULL, NULL, NULL, NULL),
(160, 'نيكاراغوا', 'Nicaragua', 'نيكاراغوي', NULL, NULL, NULL, NULL),
(161, 'هولندا', 'Netherlands', 'هولندي', NULL, NULL, NULL, NULL),
(162, 'النرويج', 'Norway', 'نرويجي', NULL, NULL, NULL, NULL),
(163, 'نيبال', 'Nepal', 'نيبالي', NULL, NULL, NULL, NULL),
(164, 'نيوي', 'Niue', 'نيوي', NULL, NULL, NULL, NULL),
(165, 'نيوزيلندا', 'New Zealand', 'نيوزيلندي', NULL, NULL, NULL, NULL),
(166, 'بناما', 'Panama', 'بنامي', NULL, NULL, NULL, NULL),
(167, 'بيرو', 'Peru', 'بيروي', NULL, NULL, NULL, NULL),
(168, 'بولينيزيا الفرنسية', 'French Polynesia', 'بولينيزي', NULL, NULL, NULL, NULL),
(169, 'بابوا غينيا الجديدة', 'French Guiana', 'بابوا غيني', NULL, NULL, NULL, NULL),
(170, 'الفلبين', 'Philippines', 'فلبيني', NULL, NULL, NULL, NULL),
(171, 'باكستان', 'Pakista', 'باكستاني', NULL, NULL, NULL, NULL),
(172, 'بولندا', 'Poland', 'بولندي', NULL, NULL, NULL, NULL),
(173, 'سان بيار وميكلون', 'Saint Pierre and Miquelo', 'سان بيار وميكلون', NULL, NULL, NULL, NULL),
(174, 'بتكايرن', 'Pitcairn Islands', 'بتكايرني', NULL, NULL, NULL, NULL),
(175, 'بورتوريكو', 'Puerto Rico', 'بورتوريكي', NULL, NULL, NULL, NULL),
(176, 'البرتغال', 'Portugal', 'برتغالي', NULL, NULL, NULL, NULL),
(177, 'بالاو', 'Palau', 'بالاوي', NULL, NULL, NULL, NULL),
(178, 'ريونيون', 'Réunio', 'ريونيوني', NULL, NULL, NULL, NULL),
(179, 'رومانيا', 'Romania', 'روماني', NULL, NULL, NULL, NULL),
(180, 'صربيا', 'Serbia', 'صربي', NULL, NULL, NULL, NULL),
(181, 'الاتحاد الروسي', 'Russia', 'روسي', NULL, NULL, NULL, NULL),
(182, 'رواندا', 'Rwanda', 'رواندي', NULL, NULL, NULL, NULL),
(183, 'جزر سليمان', 'Solomon Islands', 'جزر سليمان', NULL, NULL, NULL, NULL),
(184, 'سيشيل', 'Seychelles', 'سيشيلي', NULL, NULL, NULL, NULL),
(185, 'السويد', 'Swede', 'سويدي', NULL, NULL, NULL, NULL),
(186, 'سنغافورة', 'Singapore', 'سنغافوري', NULL, NULL, NULL, NULL),
(187, 'سانت هيلانة وأسنسيون وتريستان دا كونها', 'Saint Helena', 'سانت هيلانة وأسنسيون وتريستان دا كونها', NULL, NULL, NULL, NULL),
(188, 'سلوفينيا', 'Slovenia', 'سلوفيني', NULL, NULL, NULL, NULL),
(189, 'سلوفاكيا (جمهورية سلوفاكيا),', 'Slovakia', 'سلوفاكي', NULL, NULL, NULL, NULL),
(190, 'سيراليون', 'Sierra Leone', 'سيراليوني', NULL, NULL, NULL, NULL),
(191, 'سان مارينو', 'San Marino', 'سان ماريني', NULL, NULL, NULL, NULL),
(192, 'السنغال', 'Senegal', 'سنغالي', NULL, NULL, NULL, NULL),
(193, 'سورينام', 'Suriname', 'سورينامي', NULL, NULL, NULL, NULL),
(194, 'ساو تومي وبرينسيبي', 'São Tomé and Príncipe', 'ساو تومي وبرينسيبي', NULL, NULL, NULL, NULL),
(195, 'السلفادور', 'El Salvador', 'سلفادوري', NULL, NULL, NULL, NULL),
(196, 'سوازيلاند', 'Switzerland', 'سوازيلاندي', NULL, NULL, NULL, NULL),
(197, 'تشاد', 'Chad', 'تشادي', NULL, NULL, NULL, NULL),
(198, 'توغو', 'To', 'توغولي', NULL, NULL, NULL, NULL),
(199, 'تايلاند', 'Thailand', 'تايلاندي', NULL, NULL, NULL, NULL),
(200, 'طاجيكستان', 'Tajikista', 'طاجيكستاني', NULL, NULL, NULL, NULL),
(201, 'تيمور الشرقية', 'Timor-Leste', 'تيموري', NULL, NULL, NULL, NULL),
(202, 'تركمانستان', 'Turkmenista', 'تركمانستاني', NULL, NULL, NULL, NULL),
(203, 'تونغا', 'Tonga', 'تونغي', NULL, NULL, NULL, NULL),
(204, 'تركيا', 'Turkey', 'تركي', NULL, NULL, NULL, NULL),
(205, 'ترينيداد وتوباغو', 'Trinidad and Toba', 'ترينيدادي', NULL, NULL, NULL, NULL),
(206, 'توفالو', 'Tuvalu', 'توفالي', NULL, NULL, NULL, NULL),
(207, 'تايوان', 'Taiwa', 'تايواني', NULL, NULL, NULL, NULL),
(208, 'تنزانيا', 'Tanzania', 'تنزاني', NULL, NULL, NULL, NULL),
(209, 'الولايات المتحدة', 'United States', 'أمريكي', NULL, NULL, NULL, NULL),
(210, 'أوروغواي', 'Uruguay', 'أوروغواياني', NULL, NULL, NULL, NULL),
(211, 'أوزبكستان', 'Uzbekista', 'أوزبكستاني', NULL, NULL, NULL, NULL),
(212, 'الفاتيكان', NULL, 'فاتيكاني', NULL, NULL, NULL, NULL),
(213, 'سانت فنسنت وجزر غرينادين', 'Saint Vincent and the Grenadines', 'سانت فنسنت وجزر غرينادين', NULL, NULL, NULL, NULL),
(214, 'فنزويلا', 'Venezuela', 'فنزويلي', NULL, NULL, NULL, NULL),
(215, 'جزر فيرجن البريطانية', 'UK Virgin Islands', 'جزر فيرجن البريطانية', NULL, NULL, NULL, NULL),
(216, 'جزر فرجن الأمريكية', 'US Virgin Islands', 'جزر فرجن الأمريكية', NULL, NULL, NULL, NULL),
(217, 'فيتنام', 'Vietnam', 'فيتنامي', NULL, NULL, NULL, NULL),
(218, 'فانواتو', 'Vanuatu', 'فانواتي', NULL, NULL, NULL, NULL),
(219, 'ساموا', 'Samoa', 'سامي', NULL, NULL, NULL, NULL),
(220, 'جنوب أفريقيا', 'South Africa', 'جنوبي أفريقي', NULL, NULL, NULL, NULL),
(221, 'زامبيا', 'Zambia', 'زامبي', NULL, NULL, NULL, NULL),
(222, 'زيمبابوي', 'Zimbabwe', 'زيمبابوياني', NULL, NULL, NULL, NULL);

-- --------------------------------------------------------

--
-- Table structure for table `cusromer_tour_stations`
--

CREATE TABLE `cusromer_tour_stations` (
  `id` int(11) NOT NULL,
  `latitude` float NOT NULL,
  `longitude` float NOT NULL,
  `customer_tour_id` int(11) NOT NULL,
  `created_at` timestamp NOT NULL DEFAULT CURRENT_TIMESTAMP ON UPDATE CURRENT_TIMESTAMP,
  `updated_at` timestamp NOT NULL DEFAULT '0000-00-00 00:00:00'
) ENGINE=InnoDB DEFAULT CHARSET=utf8;

--
-- Dumping data for table `cusromer_tour_stations`
--

INSERT INTO `cusromer_tour_stations` (`id`, `latitude`, `longitude`, `customer_tour_id`, `created_at`, `updated_at`) VALUES
(1, 22.3042, 39.0506, 71, '2019-02-24 01:49:37', '2019-02-24 01:49:37'),
(2, 22.3042, 39.0506, 72, '2019-02-24 01:50:30', '2019-02-24 01:50:30'),
(3, 22.3042, 39.0506, 73, '2019-02-24 02:21:27', '2019-02-24 02:21:27'),
(4, 22.3042, 39.0506, 74, '2019-02-25 00:48:13', '2019-02-25 00:48:13'),
(5, 22.3042, 39.0506, 75, '2019-02-25 00:49:17', '2019-02-25 00:49:17'),
(6, 22.3042, 39.0506, 76, '2019-02-25 00:53:53', '2019-02-25 00:53:53'),
(7, 22.3042, 39.0506, 77, '2019-02-25 00:54:22', '2019-02-25 00:54:22'),
(8, 22.3042, 39.0506, 78, '2019-02-25 00:56:09', '2019-02-25 00:56:09'),
(9, 22.3042, 39.0506, 79, '2019-02-25 00:56:56', '2019-02-25 00:56:56'),
(10, 22.3042, 39.0506, 80, '2019-02-25 02:10:27', '2019-02-25 02:10:27'),
(11, 22.3042, 39.0506, 81, '2019-02-25 02:11:21', '2019-02-25 02:11:21'),
(12, 22.3042, 39.0506, 82, '2019-02-25 02:15:32', '2019-02-25 02:15:32');

-- --------------------------------------------------------

--
-- Table structure for table `customers_tours`
--

CREATE TABLE `customers_tours` (
  `id` int(11) NOT NULL,
  `order_id` int(11) NOT NULL,
  `date` date NOT NULL,
  `status_id` int(11) NOT NULL,
  `transfer_way_id` int(11) NOT NULL,
  `from_date` date NOT NULL,
  `to_date` date NOT NULL,
  `from_place` varchar(50) NOT NULL,
  `to_place` varchar(50) NOT NULL,
  `transfer_type` tinyint(1) DEFAULT NULL,
  `people_count` int(5) NOT NULL,
  `from_point_x` float NOT NULL,
  `to_point_x` float NOT NULL,
  `from_point_y` float NOT NULL,
  `to_point_y` float NOT NULL,
  `notes` text NOT NULL,
  `user_id` int(11) NOT NULL,
  `distance` float DEFAULT NULL,
  `flexible_minutes_before` int(11) NOT NULL DEFAULT '0',
  `flexible_minutes_after` int(11) NOT NULL DEFAULT '0',
  `flexible_days_before` int(11) NOT NULL DEFAULT '0',
  `flexible_days_after` int(11) NOT NULL DEFAULT '0',
  `men_count` int(11) NOT NULL DEFAULT '0',
  `women_count` int(11) NOT NULL DEFAULT '0',
  `created_at` timestamp NOT NULL DEFAULT CURRENT_TIMESTAMP ON UPDATE CURRENT_TIMESTAMP,
  `updated_at` timestamp NOT NULL DEFAULT '0000-00-00 00:00:00',
  `children_count` int(11) NOT NULL DEFAULT '0',
  `babies_count` int(11) NOT NULL DEFAULT '0',
  `things_count` int(11) NOT NULL DEFAULT '0',
  `weight` tinyint(1) NOT NULL,
  `size` tinyint(1) NOT NULL,
  `want_repeat` tinyint(1) NOT NULL DEFAULT '0',
  `dont_want_smoke` tinyint(1) NOT NULL DEFAULT '0',
  `dont_want_music` tinyint(1) NOT NULL DEFAULT '0'
) ENGINE=InnoDB DEFAULT CHARSET=utf8;

--
-- Dumping data for table `customers_tours`
--

INSERT INTO `customers_tours` (`id`, `order_id`, `date`, `status_id`, `transfer_way_id`, `from_date`, `to_date`, `from_place`, `to_place`, `transfer_type`, `people_count`, `from_point_x`, `to_point_x`, `from_point_y`, `to_point_y`, `notes`, `user_id`, `distance`, `flexible_minutes_before`, `flexible_minutes_after`, `flexible_days_before`, `flexible_days_after`, `men_count`, `women_count`, `created_at`, `updated_at`, `children_count`, `babies_count`, `things_count`, `weight`, `size`, `want_repeat`, `dont_want_smoke`, `dont_want_music`) VALUES
(1, 11, '2019-01-01', 8, 17, '2019-01-07', '2019-01-22', 't', 'g', 6, 5, 0, 0, 0, 0, '', 5, 0, 0, 0, 0, 0, 0, 0, '2019-01-14 18:51:58', '2019-01-14 16:51:58', 0, 0, 0, 0, 0, 0, 0, 0),
(2, 12, '2019-02-23', 1, 12, '2019-02-22', '2019-02-28', 'المدينة المنورة', 'مكة', NULL, 5, 24.4713, 39.4775, 21.4363, 39.7065, '\"notessss\"', 4, NULL, 0, 0, 0, 0, 0, 0, '2019-02-23 16:54:04', '2019-02-23 16:54:04', 0, 0, 0, 0, 0, 0, 0, 0),
(3, 13, '2019-02-23', 1, 12, '2019-02-22', '2019-02-28', 'المدينة المنورة', 'مكة', NULL, 5, 24.4713, 39.4775, 21.4363, 39.7065, '\"notessss\"', 4, NULL, 0, 0, 0, 0, 0, 0, '2019-02-23 17:33:19', '2019-02-23 17:33:19', 0, 0, 0, 0, 0, 0, 0, 0),
(4, 14, '2019-02-23', 1, 12, '2019-02-22', '2019-02-28', 'المدينة المنورة', 'مكة', NULL, 5, 24.4713, 39.4775, 21.4363, 39.7065, '\"notessss\"', 4, NULL, 0, 0, 0, 0, 0, 0, '2019-02-23 17:34:04', '2019-02-23 17:34:04', 0, 0, 0, 0, 0, 0, 0, 0),
(5, 15, '2019-02-23', 1, 12, '2019-02-22', '2019-02-28', 'المدينة المنورة', 'مكة', NULL, 5, 24.4713, 39.4775, 21.4363, 39.7065, '\"notessss\"', 4, NULL, 0, 0, 0, 0, 0, 0, '2019-02-23 17:34:18', '2019-02-23 17:34:18', 0, 0, 0, 0, 0, 0, 0, 0),
(6, 16, '2019-02-23', 1, 12, '2019-02-22', '2019-02-28', 'المدينة المنورة', 'مكة', NULL, 5, 24.4713, 39.4775, 21.4363, 39.7065, '\"notessss\"', 4, NULL, 0, 0, 0, 0, 0, 0, '2019-02-23 17:35:17', '2019-02-23 17:35:17', 0, 0, 0, 0, 0, 0, 0, 0),
(7, 17, '2019-02-23', 1, 12, '2019-02-22', '2019-02-28', 'المدينة المنورة', 'مكة', NULL, 5, 24.4713, 39.4775, 21.4363, 39.7065, '\"notessss\"', 4, NULL, 0, 0, 0, 0, 0, 0, '2019-02-23 17:36:22', '2019-02-23 17:36:22', 0, 0, 0, 0, 0, 0, 0, 0),
(8, 18, '2019-02-23', 1, 12, '2019-02-22', '2019-02-28', 'المدينة المنورة', 'مكة', NULL, 5, 24.4713, 39.4775, 21.4363, 39.7065, '\"notessss\"', 4, NULL, 0, 0, 0, 0, 0, 0, '2019-02-23 17:36:59', '2019-02-23 17:36:59', 0, 0, 0, 0, 0, 0, 0, 0),
(9, 19, '2019-02-23', 1, 12, '2019-02-22', '2019-02-28', 'المدينة المنورة', 'مكة', NULL, 5, 24.4713, 39.4775, 21.4363, 39.7065, '\"notessss\"', 4, NULL, 0, 0, 0, 0, 0, 0, '2019-02-23 17:37:25', '2019-02-23 17:37:25', 0, 0, 0, 0, 0, 0, 0, 0),
(10, 20, '2019-02-23', 1, 12, '2019-02-22', '2019-02-28', 'المدينة المنورة', 'مكة', NULL, 5, 24.4713, 39.4775, 21.4363, 39.7065, '\"notessss\"', 4, NULL, 0, 0, 0, 0, 0, 0, '2019-02-23 17:38:17', '2019-02-23 17:38:17', 0, 0, 0, 0, 0, 0, 0, 0),
(11, 21, '2019-02-23', 1, 12, '2019-02-22', '2019-02-28', 'المدينة المنورة', 'مكة', NULL, 5, 24.4713, 39.4775, 21.4363, 39.7065, '\"notessss\"', 4, NULL, 0, 0, 0, 0, 0, 0, '2019-02-23 17:38:57', '2019-02-23 17:38:57', 0, 0, 0, 0, 0, 0, 0, 0),
(12, 22, '2019-02-23', 1, 12, '2019-02-22', '2019-02-28', 'المدينة المنورة', 'مكة', NULL, 5, 24.4713, 39.4775, 21.4363, 39.7065, '\"notessss\"', 4, NULL, 0, 0, 0, 0, 0, 0, '2019-02-23 17:41:15', '2019-02-23 17:41:15', 0, 0, 0, 0, 0, 0, 0, 0),
(13, 23, '2019-02-23', 1, 12, '2019-02-22', '2019-02-28', 'المدينة المنورة', 'مكة', NULL, 5, 24.4713, 39.4775, 21.4363, 39.7065, '\"notessss\"', 4, NULL, 0, 0, 0, 0, 0, 0, '2019-02-23 17:41:39', '2019-02-23 17:41:39', 0, 0, 0, 0, 0, 0, 0, 0),
(14, 24, '2019-02-23', 1, 12, '2019-02-22', '2019-02-28', 'المدينة المنورة', 'مكة', NULL, 5, 24.4713, 39.4775, 21.4363, 39.7065, '\"notessss\"', 4, NULL, 0, 0, 0, 0, 0, 0, '2019-02-23 17:43:24', '2019-02-23 17:43:24', 0, 0, 0, 0, 0, 0, 0, 0),
(15, 25, '2019-02-23', 1, 12, '2019-02-22', '2019-02-28', 'المدينة المنورة', 'مكة', NULL, 5, 24.4713, 39.4775, 21.4363, 39.7065, '\"notessss\"', 4, NULL, 0, 0, 0, 0, 0, 0, '2019-02-23 17:44:36', '2019-02-23 17:44:36', 0, 0, 0, 0, 0, 0, 0, 0),
(16, 26, '2019-02-23', 1, 12, '2019-02-22', '2019-02-28', 'المدينة المنورة', 'مكة', NULL, 5, 24.4713, 39.4775, 21.4363, 39.7065, '\"notessss\"', 4, NULL, 0, 0, 0, 0, 0, 0, '2019-02-23 17:45:21', '2019-02-23 17:45:21', 0, 0, 0, 0, 0, 0, 0, 0),
(17, 27, '2019-02-23', 1, 12, '2019-02-22', '2019-02-28', 'المدينة المنورة', 'مكة', NULL, 5, 24.4713, 39.4775, 21.4363, 39.7065, '\"notessss\"', 4, NULL, 0, 0, 0, 0, 0, 0, '2019-02-23 17:47:13', '2019-02-23 17:47:13', 0, 0, 0, 0, 0, 0, 0, 0),
(18, 28, '2019-02-23', 1, 12, '2019-02-22', '2019-02-28', 'المدينة المنورة', 'مكة', NULL, 5, 24.4713, 39.4775, 21.4363, 39.7065, '\"notessss\"', 4, NULL, 0, 0, 0, 0, 0, 0, '2019-02-23 17:47:29', '2019-02-23 17:47:29', 0, 0, 0, 0, 0, 0, 0, 0),
(19, 29, '2019-02-23', 1, 12, '2019-02-22', '2019-02-28', 'المدينة المنورة', 'مكة', NULL, 5, 24.4713, 39.4775, 21.4363, 39.7065, '\"notessss\"', 4, NULL, 0, 0, 0, 0, 0, 0, '2019-02-23 17:47:43', '2019-02-23 17:47:43', 0, 0, 0, 0, 0, 0, 0, 0),
(20, 30, '2019-02-23', 1, 12, '2019-02-22', '2019-02-28', 'المدينة المنورة', 'مكة', NULL, 5, 24.4713, 39.4775, 21.4363, 39.7065, '\"notessss\"', 4, NULL, 0, 0, 0, 0, 0, 0, '2019-02-23 17:49:20', '2019-02-23 17:49:20', 0, 0, 0, 0, 0, 0, 0, 0),
(21, 31, '2019-02-23', 1, 12, '2019-02-22', '2019-02-28', 'المدينة المنورة', 'مكة', NULL, 5, 24.4713, 39.4775, 21.4363, 39.7065, '\"notessss\"', 4, NULL, 0, 0, 0, 0, 0, 0, '2019-02-23 17:57:25', '2019-02-23 17:57:25', 0, 0, 0, 0, 0, 0, 0, 0),
(22, 32, '2019-02-23', 1, 12, '2019-02-22', '2019-02-28', 'المدينة المنورة', 'مكة', NULL, 5, 24.4713, 39.4775, 21.4363, 39.7065, '\"notessss\"', 4, NULL, 0, 0, 0, 0, 0, 0, '2019-02-23 17:57:40', '2019-02-23 17:57:40', 0, 0, 0, 0, 0, 0, 0, 0),
(23, 33, '2019-02-23', 1, 12, '2019-02-22', '2019-02-28', 'المدينة المنورة', 'مكة', NULL, 5, 24.4713, 39.4775, 21.4363, 39.7065, '\"notessss\"', 4, NULL, 0, 0, 0, 0, 0, 0, '2019-02-23 18:00:49', '2019-02-23 18:00:49', 0, 0, 0, 0, 0, 0, 0, 0),
(24, 34, '2019-02-23', 1, 12, '2019-02-22', '2019-02-28', 'المدينة المنورة', 'مكة', NULL, 5, 24.4713, 39.4775, 21.4363, 39.7065, '\"notessss\"', 4, NULL, 0, 0, 0, 0, 0, 0, '2019-02-23 18:01:00', '2019-02-23 18:01:00', 0, 0, 0, 0, 0, 0, 0, 0),
(25, 35, '2019-02-23', 1, 12, '2019-02-22', '2019-02-28', 'المدينة المنورة', 'مكة', NULL, 5, 24.4713, 39.4775, 21.4363, 39.7065, '\"notessss\"', 4, NULL, 0, 0, 0, 0, 0, 0, '2019-02-23 18:06:49', '2019-02-23 18:06:49', 0, 0, 0, 0, 0, 0, 0, 0),
(26, 36, '2019-02-23', 1, 12, '2019-02-22', '2019-02-28', 'المدينة المنورة', 'مكة', NULL, 5, 24.4713, 39.4775, 21.4363, 39.7065, '\"notessss\"', 4, NULL, 0, 0, 0, 0, 0, 0, '2019-02-23 18:07:15', '2019-02-23 18:07:15', 0, 0, 0, 0, 0, 0, 0, 0),
(27, 37, '2019-02-23', 1, 12, '2019-02-22', '2019-02-28', 'المدينة المنورة', 'مكة', NULL, 5, 24.4713, 39.4775, 21.4363, 39.7065, '\"notessss\"', 4, NULL, 0, 0, 0, 0, 0, 0, '2019-02-23 18:08:56', '2019-02-23 18:08:56', 0, 0, 0, 0, 0, 0, 0, 0),
(28, 38, '2019-02-23', 1, 12, '2019-02-22', '2019-02-28', 'المدينة المنورة', 'مكة', NULL, 5, 24.4713, 39.4775, 21.4363, 39.7065, '\"notessss\"', 4, NULL, 0, 0, 0, 0, 0, 0, '2019-02-23 18:10:27', '2019-02-23 18:10:27', 0, 0, 0, 0, 0, 0, 0, 0),
(29, 39, '2019-02-23', 1, 12, '2019-02-22', '2019-02-28', 'المدينة المنورة', 'مكة', NULL, 5, 24.4713, 39.4775, 21.4363, 39.7065, '\"notessss\"', 4, NULL, 0, 0, 0, 0, 0, 0, '2019-02-23 18:10:50', '2019-02-23 18:10:50', 0, 0, 0, 0, 0, 0, 0, 0),
(30, 40, '2019-02-23', 1, 12, '2019-02-22', '2019-02-28', 'المدينة المنورة', 'مكة', NULL, 5, 24.4713, 39.4775, 21.4363, 39.7065, '\"notessss\"', 4, NULL, 0, 0, 0, 0, 0, 0, '2019-02-23 18:13:06', '2019-02-23 18:13:06', 0, 0, 0, 0, 0, 0, 0, 0),
(31, 41, '2019-02-23', 1, 12, '2019-02-22', '2019-02-28', 'المدينة المنورة', 'مكة', NULL, 5, 24.4713, 39.4775, 21.4363, 39.7065, '\"notessss\"', 4, NULL, 0, 0, 0, 0, 0, 0, '2019-02-23 18:15:05', '2019-02-23 18:15:05', 0, 0, 0, 0, 0, 0, 0, 0),
(32, 42, '2019-02-23', 1, 12, '2019-02-22', '2019-02-28', 'المدينة المنورة', 'مكة', NULL, 5, 24.4713, 39.4775, 21.4363, 39.7065, '\"notessss\"', 4, NULL, 0, 0, 0, 0, 0, 0, '2019-02-23 18:15:28', '2019-02-23 18:15:28', 0, 0, 0, 0, 0, 0, 0, 0),
(33, 43, '2019-02-23', 1, 12, '2019-02-22', '2019-02-28', 'المدينة المنورة', 'مكة', NULL, 5, 24.4713, 39.4775, 21.4363, 39.7065, '\"notessss\"', 4, NULL, 0, 0, 0, 0, 0, 0, '2019-02-23 18:15:53', '2019-02-23 18:15:53', 0, 0, 0, 0, 0, 0, 0, 0),
(34, 44, '2019-02-23', 1, 12, '2019-02-22', '2019-02-28', 'المدينة المنورة', 'مكة', NULL, 5, 24.4713, 39.4775, 21.4363, 39.7065, '\"notessss\"', 4, NULL, 0, 0, 0, 0, 0, 0, '2019-02-23 18:16:32', '2019-02-23 18:16:32', 0, 0, 0, 0, 0, 0, 0, 0),
(35, 45, '2019-02-23', 1, 12, '2019-02-22', '2019-02-28', 'المدينة المنورة', 'مكة', NULL, 5, 24.4713, 39.4775, 21.4363, 39.7065, '\"notessss\"', 4, NULL, 0, 0, 0, 0, 0, 0, '2019-02-23 18:16:49', '2019-02-23 18:16:49', 0, 0, 0, 0, 0, 0, 0, 0),
(36, 46, '2019-02-23', 1, 12, '2019-02-22', '2019-02-28', 'المدينة المنورة', 'مكة', NULL, 5, 24.4713, 39.4775, 21.4363, 39.7065, '\"notessss\"', 4, NULL, 0, 0, 0, 0, 0, 0, '2019-02-23 18:19:32', '2019-02-23 18:19:32', 0, 0, 0, 0, 0, 0, 0, 0),
(37, 47, '2019-02-23', 1, 12, '2019-02-22', '2019-02-28', 'المدينة المنورة', 'مكة', NULL, 5, 24.4713, 39.4775, 21.4363, 39.7065, '\"notessss\"', 4, NULL, 0, 0, 0, 0, 0, 0, '2019-02-23 18:20:18', '2019-02-23 18:20:18', 0, 0, 0, 0, 0, 0, 0, 0),
(38, 48, '2019-02-23', 1, 12, '2019-02-22', '2019-02-28', 'المدينة المنورة', 'مكة', NULL, 5, 24.4713, 39.4775, 21.4363, 39.7065, '\"notessss\"', 4, NULL, 0, 0, 0, 0, 0, 0, '2019-02-23 18:20:39', '2019-02-23 18:20:39', 0, 0, 0, 0, 0, 0, 0, 0),
(39, 49, '2019-02-23', 1, 12, '2019-02-22', '2019-02-28', 'المدينة المنورة', 'مكة', NULL, 5, 24.4713, 39.4775, 21.4363, 39.7065, '\"notessss\"', 4, NULL, 0, 0, 0, 0, 0, 0, '2019-02-23 18:20:50', '2019-02-23 18:20:50', 0, 0, 0, 0, 0, 0, 0, 0),
(40, 50, '2019-02-23', 1, 12, '2019-02-22', '2019-02-28', 'المدينة المنورة', 'مكة', NULL, 5, 24.4713, 39.4775, 21.4363, 39.7065, '\"notessss\"', 4, NULL, 0, 0, 0, 0, 0, 0, '2019-02-23 18:21:09', '2019-02-23 18:21:09', 0, 0, 0, 0, 0, 0, 0, 0),
(41, 51, '2019-02-23', 1, 12, '2019-02-22', '2019-02-28', 'المدينة المنورة', 'مكة', NULL, 5, 24.4713, 39.4775, 21.4363, 39.7065, '\"notessss\"', 4, NULL, 0, 0, 0, 0, 0, 0, '2019-02-23 18:24:23', '2019-02-23 18:24:23', 0, 0, 0, 0, 0, 0, 0, 0),
(42, 52, '2019-02-23', 1, 12, '2019-02-22', '2019-02-28', 'المدينة المنورة', 'مكة', NULL, 5, 24.4713, 39.4775, 21.4363, 39.7065, '\"notessss\"', 4, NULL, 0, 0, 0, 0, 0, 0, '2019-02-23 18:25:33', '2019-02-23 18:25:33', 0, 0, 0, 0, 0, 0, 0, 0),
(43, 53, '2019-02-23', 1, 12, '2019-02-22', '2019-02-28', 'المدينة المنورة', 'مكة', NULL, 5, 24.4713, 39.4775, 21.4363, 39.7065, '\"notessss\"', 4, NULL, 0, 0, 0, 0, 0, 0, '2019-02-23 18:28:31', '2019-02-23 18:28:31', 0, 0, 0, 0, 0, 0, 0, 0),
(44, 54, '2019-02-23', 1, 12, '2019-02-22', '2019-02-28', 'المدينة المنورة', 'مكة', NULL, 5, 24.4713, 39.4775, 21.4363, 39.7065, 'notessss', 4, NULL, 0, 0, 0, 0, 0, 0, '2019-02-23 18:28:51', '2019-02-23 18:28:51', 0, 0, 0, 0, 0, 0, 0, 0),
(45, 55, '2019-02-23', 1, 12, '2019-02-22', '2019-02-28', 'المدينة المنورة', 'مكة', NULL, 5, 24.4713, 39.4775, 21.4363, 39.7065, 'notessss', 4, NULL, 0, 0, 0, 0, 0, 0, '2019-02-23 18:33:15', '2019-02-23 18:33:15', 0, 0, 0, 0, 0, 0, 0, 0),
(46, 56, '2019-02-23', 1, 12, '2019-02-22', '2019-02-28', 'المدينة المنورة', 'مكة', NULL, 5, 24.4713, 39.4775, 21.4363, 39.7065, 'notessss', 4, NULL, 0, 0, 0, 0, 0, 0, '2019-02-23 18:33:22', '2019-02-23 18:33:22', 0, 0, 0, 0, 0, 0, 0, 0),
(47, 57, '2019-02-23', 1, 12, '2019-02-22', '2019-02-28', 'المدينة المنورة', 'مكة', NULL, 5, 24.4713, 39.4775, 21.4363, 39.7065, 'notessss', 4, NULL, 0, 0, 0, 0, 0, 0, '2019-02-23 18:44:30', '2019-02-23 18:44:30', 0, 0, 0, 0, 0, 0, 0, 0),
(48, 58, '2019-02-23', 1, 12, '2019-02-22', '2019-02-28', 'المدينة المنورة', 'مكة', NULL, 5, 24.4713, 39.4775, 21.4363, 39.7065, 'notessss', 4, NULL, 0, 0, 0, 0, 0, 0, '2019-02-23 18:47:30', '2019-02-23 18:47:30', 0, 0, 0, 0, 0, 0, 0, 0),
(49, 59, '2019-02-23', 1, 12, '2019-02-22', '2019-02-28', 'المدينة المنورة', 'مكة', NULL, 5, 24.4713, 39.4775, 21.4363, 39.7065, 'notessss', 4, NULL, 0, 0, 0, 0, 0, 0, '2019-02-23 18:50:14', '2019-02-23 18:50:14', 0, 0, 0, 0, 0, 0, 0, 0),
(50, 60, '2019-02-23', 1, 12, '2019-02-22', '2019-02-28', 'المدينة المنورة', 'مكة', NULL, 5, 24.4713, 39.4775, 21.4363, 39.7065, 'notessss', 4, NULL, 0, 0, 0, 0, 0, 0, '2019-02-23 18:50:21', '2019-02-23 18:50:21', 0, 0, 0, 0, 0, 0, 0, 0),
(51, 61, '2019-02-23', 1, 12, '2019-02-22', '2019-02-28', 'المدينة المنورة', 'مكة', NULL, 5, 24.4713, 39.4775, 21.4363, 39.7065, 'notessss', 4, NULL, 0, 0, 0, 0, 0, 0, '2019-02-23 18:53:36', '2019-02-23 18:53:36', 0, 0, 0, 0, 0, 0, 0, 0),
(52, 62, '2019-02-23', 1, 12, '2019-02-22', '2019-02-28', 'المدينة المنورة', 'مكة', NULL, 5, 24.4713, 39.4775, 21.4363, 39.7065, 'notessss', 4, NULL, 0, 0, 0, 0, 0, 0, '2019-02-23 19:03:27', '2019-02-23 19:03:27', 0, 0, 0, 0, 0, 0, 0, 0),
(53, 63, '2019-02-23', 1, 12, '2019-02-22', '2019-02-28', 'المدينة المنورة', 'مكة', NULL, 5, 24.4713, 39.4775, 21.4363, 39.7065, 'notessss', 4, NULL, 0, 0, 0, 0, 0, 0, '2019-02-23 19:03:58', '2019-02-23 19:03:58', 0, 0, 0, 0, 0, 0, 0, 0),
(54, 64, '2019-02-23', 1, 12, '2019-02-22', '2019-02-28', 'المدينة المنورة', 'مكة', NULL, 5, 24.4713, 39.4775, 21.4363, 39.7065, 'notessss', 4, NULL, 0, 0, 0, 0, 0, 0, '2019-02-23 19:06:16', '2019-02-23 19:06:16', 0, 0, 0, 0, 0, 0, 0, 0),
(55, 65, '2019-02-23', 1, 12, '2019-02-22', '2019-02-28', 'المدينة المنورة', 'مكة', NULL, 5, 24.4713, 39.4775, 21.4363, 39.7065, 'notessss', 4, NULL, 0, 0, 0, 0, 0, 0, '2019-02-23 19:06:33', '2019-02-23 19:06:33', 0, 0, 0, 0, 0, 0, 0, 0),
(56, 66, '2019-02-23', 1, 12, '2019-02-22', '2019-02-28', 'المدينة المنورة', 'مكة', NULL, 5, 24.4713, 39.4775, 21.4363, 39.7065, 'notessss', 4, NULL, 0, 0, 0, 0, 0, 0, '2019-02-23 19:07:46', '2019-02-23 19:07:46', 0, 0, 0, 0, 0, 0, 0, 0),
(57, 67, '2019-02-23', 1, 12, '2019-02-22', '2019-02-28', 'المدينة المنورة', 'مكة', NULL, 5, 24.4713, 39.4775, 21.4363, 39.7065, 'notessss', 4, NULL, 0, 0, 0, 0, 0, 0, '2019-02-23 19:09:27', '2019-02-23 19:09:27', 0, 0, 0, 0, 0, 0, 0, 0),
(58, 68, '2019-02-23', 1, 12, '2019-02-22', '2019-02-28', 'المدينة المنورة', 'مكة', NULL, 5, 24.4713, 39.4775, 21.4363, 39.7065, 'notessss', 4, NULL, 0, 0, 0, 0, 0, 0, '2019-02-23 19:10:46', '2019-02-23 19:10:46', 0, 0, 0, 0, 0, 0, 0, 0),
(59, 69, '2019-02-23', 1, 12, '2019-02-22', '2019-02-28', 'المدينة المنورة', 'مكة', NULL, 5, 24.4713, 39.4775, 21.4363, 39.7065, 'notessss', 4, NULL, 0, 0, 0, 0, 0, 0, '2019-02-23 19:14:46', '2019-02-23 19:14:46', 0, 0, 0, 0, 0, 0, 0, 0),
(60, 70, '2019-02-23', 1, 12, '2019-02-22', '2019-02-28', 'المدينة المنورة', 'مكة', NULL, 5, 24.4713, 39.4775, 21.4363, 39.7065, 'notessss', 4, NULL, 0, 0, 0, 0, 0, 0, '2019-02-23 19:15:11', '2019-02-23 19:15:11', 0, 0, 0, 0, 0, 0, 0, 0),
(61, 71, '2019-02-23', 1, 12, '2019-02-22', '2019-02-28', 'المدينة المنورة', 'مكة', NULL, 5, 24.4713, 39.4775, 21.4363, 39.7065, 'notessss', 4, NULL, 0, 0, 0, 0, 0, 0, '2019-02-23 19:16:11', '2019-02-23 19:16:11', 0, 0, 0, 0, 0, 0, 0, 0),
(62, 72, '2019-02-23', 1, 12, '2019-02-22', '2019-02-28', 'المدينة المنورة', 'مكة', NULL, 5, 24.4713, 39.4775, 21.4363, 39.7065, 'notessss', 4, NULL, 0, 0, 0, 0, 0, 0, '2019-02-23 19:17:44', '2019-02-23 19:17:44', 0, 0, 0, 0, 0, 0, 0, 0),
(63, 73, '2019-02-23', 1, 12, '2019-02-22', '2019-02-28', 'المدينة المنورة', 'مكة', NULL, 5, 24.4713, 39.4775, 21.4363, 39.7065, 'notessss', 4, NULL, 0, 0, 0, 0, 0, 0, '2019-02-23 19:18:59', '2019-02-23 19:18:59', 0, 0, 0, 0, 0, 0, 0, 0),
(64, 74, '2019-02-23', 1, 12, '2019-02-22', '2019-02-28', 'المدينة المنورة', 'مكة', NULL, 5, 24.4713, 39.4775, 21.4363, 39.7065, 'notessss', 4, NULL, 0, 0, 0, 0, 0, 0, '2019-02-23 19:19:32', '2019-02-23 19:19:32', 0, 0, 0, 0, 0, 0, 0, 0),
(65, 75, '2019-02-23', 1, 12, '2019-02-22', '2019-02-28', 'المدينة المنورة', 'مكة', NULL, 5, 24.4713, 39.4775, 21.4363, 39.7065, 'notessss', 4, NULL, 0, 0, 0, 0, 0, 0, '2019-02-23 19:20:28', '2019-02-23 19:20:28', 0, 0, 0, 0, 0, 0, 0, 0),
(66, 76, '2019-02-23', 1, 12, '2019-02-22', '2019-02-28', 'المدينة المنورة', 'مكة', NULL, 5, 24.4713, 39.4775, 21.4363, 39.7065, 'notessss', 4, NULL, 0, 0, 0, 0, 0, 0, '2019-02-23 19:21:42', '2019-02-23 19:21:42', 0, 0, 0, 0, 0, 0, 0, 0),
(67, 77, '2019-02-23', 1, 12, '2019-02-22', '2019-02-28', 'المدينة المنورة', 'مكة', NULL, 5, 24.4713, 39.4775, 21.4363, 39.7065, 'notessss', 4, NULL, 0, 0, 0, 0, 0, 0, '2019-02-23 19:24:39', '2019-02-23 19:24:39', 0, 0, 0, 0, 0, 0, 0, 0),
(68, 78, '2019-02-23', 1, 12, '2019-02-22', '2019-02-28', 'المدينة المنورة', 'مكة', NULL, 5, 24.4713, 39.4775, 21.4363, 39.7065, 'notessss', 4, NULL, 0, 0, 0, 0, 0, 0, '2019-02-23 19:27:20', '2019-02-23 19:27:20', 0, 0, 0, 0, 0, 0, 0, 0),
(69, 79, '2019-02-23', 1, 12, '2019-02-22', '2019-02-28', 'المدينة المنورة', 'مكة', NULL, 5, 24.4713, 39.4775, 21.4363, 39.7065, 'notessss', 4, NULL, 0, 0, 0, 0, 0, 0, '2019-02-23 19:28:26', '2019-02-23 19:28:26', 0, 0, 0, 0, 0, 0, 0, 0),
(70, 80, '2019-02-23', 1, 12, '2019-02-22', '2019-02-28', 'المدينة المنورة', 'مكة', NULL, 5, 24.4713, 39.4775, 21.4363, 39.7065, 'notessss', 4, NULL, 0, 0, 0, 0, 0, 0, '2019-02-23 19:29:49', '2019-02-23 19:29:49', 0, 0, 0, 0, 0, 0, 0, 0),
(71, 81, '2019-02-24', 1, 12, '2019-02-22', '2019-02-28', 'المدينة المنورة', 'مكة', NULL, 5, 24.4713, 39.4775, 21.4363, 39.7065, 'notessss', 4, NULL, 0, 0, 0, 0, 0, 0, '2019-02-24 01:49:37', '2019-02-24 01:49:37', 0, 0, 0, 0, 0, 0, 0, 0),
(72, 82, '2019-02-24', 1, 12, '2019-02-22', '2019-02-28', 'المدينة المنورة', 'مكة', NULL, 5, 24.4713, 39.4775, 21.4363, 39.7065, 'notessss', 4, NULL, 0, 0, 0, 0, 0, 0, '2019-02-24 01:50:30', '2019-02-24 01:50:30', 0, 0, 0, 0, 0, 0, 0, 0),
(73, 83, '2019-02-24', 1, 12, '2019-02-22', '2019-02-28', 'المدينة المنورة', 'مكة', NULL, 5, 24.4713, 39.4775, 21.4363, 39.7065, 'notessss', 4, NULL, 2, 20, 0, 0, 1, 1, '2019-02-24 02:21:27', '2019-02-24 02:21:27', 2, 1, 2, 1, 2, 1, 1, 1),
(74, 84, '2019-02-25', 1, 12, '2019-02-22', '2019-02-28', 'المدينة المنورة', 'مكة', NULL, 5, 24.4713, 39.4775, 21.4363, 39.7065, 'notessss', 4, NULL, 2, 20, 0, 0, 1, 1, '2019-02-25 00:48:13', '2019-02-25 00:48:13', 2, 1, 2, 1, 2, 1, 1, 1),
(75, 85, '2019-02-25', 1, 12, '2019-02-22', '2019-02-28', 'المدينة المنورة', 'مكة', NULL, 5, 24.4713, 39.4775, 21.4363, 39.7065, 'notessss', 4, NULL, 2, 20, 0, 0, 1, 1, '2019-02-25 00:49:17', '2019-02-25 00:49:17', 2, 1, 2, 1, 2, 1, 1, 1),
(76, 86, '2019-02-25', 1, 12, '2019-02-22', '2019-02-28', 'المدينة المنورة', 'مكة', NULL, 5, 24.4713, 39.4775, 21.4363, 39.7065, 'notessss', 4, NULL, 2, 20, 0, 0, 1, 1, '2019-02-25 00:53:53', '2019-02-25 00:53:53', 2, 1, 2, 1, 2, 1, 1, 1),
(77, 87, '2019-02-25', 1, 12, '2019-02-22', '2019-02-28', 'المدينة المنورة', 'مكة', NULL, 5, 24.4713, 39.4775, 21.4363, 39.7065, 'notessss', 4, NULL, 2, 20, 0, 0, 1, 1, '2019-02-25 00:54:22', '2019-02-25 00:54:22', 2, 1, 2, 1, 2, 1, 1, 1),
(78, 88, '2019-02-25', 1, 12, '2019-02-22', '2019-02-28', 'المدينة المنورة', 'مكة', NULL, 5, 24.4713, 39.4775, 21.4363, 39.7065, 'notessss', 4, NULL, 2, 20, 0, 0, 1, 1, '2019-02-25 00:56:09', '2019-02-25 00:56:09', 2, 1, 2, 1, 2, 1, 1, 1),
(79, 89, '2019-02-25', 1, 12, '2019-02-22', '2019-02-28', 'المدينة المنورة', 'مكة', NULL, 5, 24.4713, 39.4775, 21.4363, 39.7065, 'notessss', 4, NULL, 2, 20, 0, 0, 1, 1, '2019-02-25 00:56:56', '2019-02-25 00:56:56', 2, 1, 2, 1, 2, 1, 1, 1),
(80, 90, '2019-02-25', 1, 12, '2019-02-22', '2019-02-28', 'المدينة المنورة', 'مكة', NULL, 5, 24.4713, 39.4775, 21.4363, 39.7065, 'notessss', 4, NULL, 2, 20, 0, 0, 1, 1, '2019-02-25 02:10:27', '2019-02-25 02:10:27', 2, 1, 2, 1, 2, 1, 1, 1),
(81, 91, '2019-02-25', 1, 12, '2019-02-22', '2019-02-28', 'المدينة المنورة', 'مكة', NULL, 5, 24.4713, 39.4775, 21.4363, 39.7065, 'notessss', 4, NULL, 2, 20, 0, 0, 1, 1, '2019-02-25 02:11:21', '2019-02-25 02:11:21', 2, 1, 2, 1, 2, 1, 1, 1),
(82, 92, '2019-02-25', 1, 12, '2019-02-22', '2019-02-28', 'المدينة المنورة', 'مكة', NULL, 5, 24.4713, 39.4775, 21.4363, 39.7065, 'notessss', 4, NULL, 2, 20, 0, 0, 1, 1, '2019-02-25 02:15:32', '2019-02-25 02:15:32', 2, 1, 2, 1, 2, 1, 1, 1);

-- --------------------------------------------------------

--
-- Table structure for table `customers_tours_orders`
--

CREATE TABLE `customers_tours_orders` (
  `id` int(11) NOT NULL,
  `customer_tour_id` int(11) NOT NULL,
  `user_id` int(11) NOT NULL,
  `from_date` date DEFAULT NULL,
  `to_date` date DEFAULT NULL,
  `status_id` tinyint(1) NOT NULL COMMENT '1- مقبول / 2- مرفوض',
  `price` int(11) NOT NULL,
  `notes` text,
  `created_at` timestamp NOT NULL DEFAULT CURRENT_TIMESTAMP ON UPDATE CURRENT_TIMESTAMP,
  `updated_at` timestamp NOT NULL DEFAULT '0000-00-00 00:00:00'
) ENGINE=InnoDB DEFAULT CHARSET=utf8;

--
-- Dumping data for table `customers_tours_orders`
--

INSERT INTO `customers_tours_orders` (`id`, `customer_tour_id`, `user_id`, `from_date`, `to_date`, `status_id`, `price`, `notes`, `created_at`, `updated_at`) VALUES
(3, 1, 1, NULL, NULL, 1, 40, '', '2019-01-12 11:37:47', '2019-01-12 11:37:47'),
(4, 1, 1, NULL, NULL, 1, 80, '', '2019-01-12 11:41:06', '2019-01-12 11:41:06'),
(5, 1, 1, NULL, NULL, 1, 80, '', '2019-01-12 14:08:56', '2019-01-12 14:08:56'),
(6, 1, 1, NULL, NULL, 1, 80, '', '2019-01-14 16:47:11', '2019-01-14 16:47:11'),
(7, 1, 1, NULL, NULL, 1, 80, '', '2019-01-15 04:43:11', '2019-01-15 04:43:11');

-- --------------------------------------------------------

--
-- Table structure for table `customer_tour_images`
--

CREATE TABLE `customer_tour_images` (
  `id` int(11) NOT NULL,
  `tour_id` int(11) NOT NULL,
  `image` varchar(300) NOT NULL,
  `type` tinyint(1) NOT NULL,
  `created_at` timestamp NOT NULL DEFAULT CURRENT_TIMESTAMP ON UPDATE CURRENT_TIMESTAMP,
  `updated_at` timestamp NOT NULL DEFAULT '0000-00-00 00:00:00'
) ENGINE=InnoDB DEFAULT CHARSET=utf8;

--
-- Dumping data for table `customer_tour_images`
--

INSERT INTO `customer_tour_images` (`id`, `tour_id`, `image`, `type`, `created_at`, `updated_at`) VALUES
(1, 78, '/images/_1551063369535.png', 1, '2019-02-25 00:56:09', '2019-02-25 00:56:09'),
(2, 78, '/images/_1551063369541.png', 1, '2019-02-25 00:56:09', '2019-02-25 00:56:09'),
(3, 79, '/images/_1551063416844.png', 1, '2019-02-25 00:56:56', '2019-02-25 00:56:56'),
(4, 79, '/images/_1551063416850.png', 1, '2019-02-25 00:56:56', '2019-02-25 00:56:56'),
(5, 79, '/images/_1551063416855.png', 2, '2019-02-25 00:56:56', '2019-02-25 00:56:56'),
(6, 80, '/images/_1551067827597.png', 1, '2019-02-25 02:10:27', '2019-02-25 02:10:27'),
(7, 80, '/images/_1551067827609.png', 1, '2019-02-25 02:10:27', '2019-02-25 02:10:27'),
(8, 81, '/images/_1551067881417.png', 1, '2019-02-25 02:11:21', '2019-02-25 02:11:21'),
(9, 81, '/images/_1551067881425.png', 1, '2019-02-25 02:11:21', '2019-02-25 02:11:21'),
(10, 82, '/images/_1551068132569.png', 1, '2019-02-25 02:15:32', '2019-02-25 02:15:32'),
(11, 82, '/images/_1551068132575.png', 1, '2019-02-25 02:15:32', '2019-02-25 02:15:32');

-- --------------------------------------------------------

--
-- Table structure for table `evaluations`
--

CREATE TABLE `evaluations` (
  `id` int(11) NOT NULL,
  `carrier_id` int(11) NOT NULL,
  `user_id` int(11) NOT NULL,
  `notes` text NOT NULL,
  `evaluation` int(11) NOT NULL,
  `date` date NOT NULL,
  `created_at` timestamp NOT NULL DEFAULT CURRENT_TIMESTAMP ON UPDATE CURRENT_TIMESTAMP,
  `updated_at` timestamp NOT NULL DEFAULT '0000-00-00 00:00:00'
) ENGINE=InnoDB DEFAULT CHARSET=utf8;

--
-- Dumping data for table `evaluations`
--

INSERT INTO `evaluations` (`id`, `carrier_id`, `user_id`, `notes`, `evaluation`, `date`, `created_at`, `updated_at`) VALUES
(1, 2, 2, '', 4, '0000-00-00', '2018-11-20 16:06:16', '0000-00-00 00:00:00');

-- --------------------------------------------------------

--
-- Table structure for table `evaluations_customers`
--

CREATE TABLE `evaluations_customers` (
  `id` int(11) NOT NULL,
  `customer_id` int(11) NOT NULL,
  `user_id` int(11) NOT NULL,
  `notes` text NOT NULL,
  `evaluation` int(11) NOT NULL,
  `date` date NOT NULL,
  `created_at` timestamp NOT NULL DEFAULT CURRENT_TIMESTAMP ON UPDATE CURRENT_TIMESTAMP,
  `updated_at` timestamp NOT NULL DEFAULT '0000-00-00 00:00:00'
) ENGINE=InnoDB DEFAULT CHARSET=utf8;

--
-- Dumping data for table `evaluations_customers`
--

INSERT INTO `evaluations_customers` (`id`, `customer_id`, `user_id`, `notes`, `evaluation`, `date`, `created_at`, `updated_at`) VALUES
(1, 1, 1, '', 5, '2019-01-14', '2019-01-14 16:52:49', '2019-01-14 16:52:49'),
(2, 1, 1, '', 5, '2019-01-15', '2019-01-15 04:45:18', '2019-01-15 04:45:18');

-- --------------------------------------------------------

--
-- Table structure for table `notifications`
--

CREATE TABLE `notifications` (
  `id` int(11) NOT NULL,
  `notify_text` text NOT NULL,
  `admin_id` int(11) NOT NULL,
  `date` date NOT NULL,
  `created_at` timestamp NOT NULL DEFAULT CURRENT_TIMESTAMP ON UPDATE CURRENT_TIMESTAMP,
  `updated_at` timestamp NOT NULL DEFAULT '0000-00-00 00:00:00'
) ENGINE=InnoDB DEFAULT CHARSET=utf8;

--
-- Dumping data for table `notifications`
--

INSERT INTO `notifications` (`id`, `notify_text`, `admin_id`, `date`, `created_at`, `updated_at`) VALUES
(4, 'jkm', 1, '2018-11-09', '2018-11-09 13:41:18', '2018-11-09 13:41:18'),
(5, 'jj', 1, '2018-11-09', '2018-11-09 13:43:02', '2018-11-09 13:43:02'),
(6, 'jkm', 1, '2018-11-09', '2018-11-09 13:43:07', '2018-11-09 13:43:07'),
(7, 'jkm', 1, '2018-11-09', '2018-11-09 13:45:42', '2018-11-09 13:45:42'),
(8, 'jkm', 1, '2018-11-09', '2018-11-09 13:46:56', '2018-11-09 13:46:56'),
(9, 'jkm', 1, '2018-11-09', '2018-11-09 13:47:05', '2018-11-09 13:47:05'),
(10, 'testtt', 1, '2018-11-09', '2018-11-09 13:48:01', '2018-11-09 13:48:01'),
(11, 'testtt', 1, '2018-11-09', '2018-11-09 13:48:14', '2018-11-09 13:48:14'),
(12, 'jj', 1, '2018-11-09', '2018-11-09 14:03:09', '2018-11-09 14:03:09'),
(13, 'yyy', 1, '2018-11-09', '2018-11-09 14:03:40', '2018-11-09 14:03:40');

-- --------------------------------------------------------

--
-- Table structure for table `tour_repeats`
--

CREATE TABLE `tour_repeats` (
  `id` int(11) NOT NULL,
  `tour_id` int(11) NOT NULL,
  `every_day` tinyint(1) NOT NULL DEFAULT '0',
  `every_sat` tinyint(1) NOT NULL DEFAULT '0',
  `every_sun` tinyint(1) NOT NULL DEFAULT '0',
  `every_mon` tinyint(1) NOT NULL DEFAULT '0',
  `every_tue` tinyint(1) NOT NULL DEFAULT '0',
  `every_wed` tinyint(1) NOT NULL DEFAULT '0',
  `every_thr` tinyint(1) NOT NULL DEFAULT '0',
  `every_fri` tinyint(1) NOT NULL DEFAULT '0',
  `end_date` date NOT NULL,
  `created_at` timestamp NOT NULL DEFAULT CURRENT_TIMESTAMP ON UPDATE CURRENT_TIMESTAMP,
  `updated_at` timestamp NOT NULL DEFAULT '0000-00-00 00:00:00'
) ENGINE=InnoDB DEFAULT CHARSET=utf8;

--
-- Dumping data for table `tour_repeats`
--

INSERT INTO `tour_repeats` (`id`, `tour_id`, `every_day`, `every_sat`, `every_sun`, `every_mon`, `every_tue`, `every_wed`, `every_thr`, `every_fri`, `end_date`, `created_at`, `updated_at`) VALUES
(1, 81, 1, 0, 0, 0, 0, 0, 0, 0, '2019-03-15', '2019-02-25 02:11:21', '2019-02-25 02:11:21'),
(2, 82, 1, 0, 0, 0, 0, 0, 0, 0, '2019-03-15', '2019-02-25 02:15:32', '2019-02-25 02:15:32');

-- --------------------------------------------------------

--
-- Table structure for table `users`
--

CREATE TABLE `users` (
  `id` int(11) NOT NULL,
  `name` varchar(250) NOT NULL,
  `mobile` varchar(20) NOT NULL,
  `password` varchar(250) NOT NULL,
  `email` varchar(50) DEFAULT NULL,
  `city` int(11) DEFAULT NULL,
  `country` int(11) DEFAULT NULL,
  `status_id` int(11) NOT NULL,
  `delete_reason` text,
  `work_id` int(11) DEFAULT NULL,
  `image` varchar(250) DEFAULT NULL,
  `created_at` timestamp NOT NULL DEFAULT CURRENT_TIMESTAMP ON UPDATE CURRENT_TIMESTAMP,
  `updated_at` timestamp NOT NULL DEFAULT '0000-00-00 00:00:00'
) ENGINE=InnoDB DEFAULT CHARSET=utf8;

--
-- Dumping data for table `users`
--

INSERT INTO `users` (`id`, `name`, `mobile`, `password`, `email`, `city`, `country`, `status_id`, `delete_reason`, `work_id`, `image`, `created_at`, `updated_at`) VALUES
(1, 'محمد على', '05995522662', '$2y$10$jgu2JqapSP/n0cuGtZJ9BOJYlmh2bMCUrQgD5YMnu.SNZsR1oKwIO', 'info@dd.ps', 1, 1, 1, '', 0, NULL, '2019-01-31 08:09:10', '0000-00-00 00:00:00'),
(2, 'test', '05995522661', '05995522661', 'ff', NULL, NULL, 2, NULL, 0, NULL, '2019-01-31 08:09:37', '2018-11-20 15:07:12'),
(3, 'محمد على', '05995522661', '05995522661', 'info@dd.ps', NULL, NULL, 1, '', 1, NULL, '2019-01-31 08:09:44', '0000-00-00 00:00:00'),
(4, 'test', '05995522661', '05995522661', 'ff', NULL, NULL, 2, '', 1, NULL, '2019-01-31 08:09:49', '0000-00-00 00:00:00'),
(5, 'محمد على يحيى', '123456789', '123123', NULL, NULL, NULL, 1, NULL, 1, NULL, '2019-01-31 08:09:55', '2018-12-24 20:59:02'),
(6, 'محمد على يحيى', '123456789', '123123', NULL, NULL, NULL, 1, NULL, 1, NULL, '2019-01-31 08:10:02', '2018-12-24 21:06:54'),
(7, 'API Test', '0596655145', '123', NULL, NULL, NULL, 1, NULL, 3, NULL, '2019-01-31 08:10:08', '2019-01-12 16:02:43'),
(8, 'API Test', '', '$2y$10$Plb6ED9Edz.IkATdn1leZeO/2L/UF2c9TRagNBa3Z/.kWSGAd63fK', NULL, NULL, NULL, 1, NULL, 3, NULL, '2019-01-31 08:10:15', '2019-01-12 16:16:05'),
(9, 'API Test', '0596655146', '$2y$10$AHgvSbEQrBlZ6WPMr2J2Xe1ZcEQbo1jHkPrhc7hwH3tjTnWdAIDM6', NULL, NULL, NULL, 1, NULL, 3, NULL, '2019-01-31 08:10:21', '2019-01-12 16:28:25'),
(10, 'API Test', '0596655147', '$2y$10$c4xuBfBbGCNRUUkJnXh1hOvbUibYZkZs/KDsrkvELbsnQUOWmiFD.', NULL, 1, 1, 1, NULL, 3, NULL, '2019-02-03 17:55:34', '2019-02-03 17:55:34');

--
-- Indexes for dumped tables
--

--
-- Indexes for table `admins`
--
ALTER TABLE `admins`
  ADD PRIMARY KEY (`id`);

--
-- Indexes for table `advertisments`
--
ALTER TABLE `advertisments`
  ADD PRIMARY KEY (`id`);

--
-- Indexes for table `carriers`
--
ALTER TABLE `carriers`
  ADD PRIMARY KEY (`id`),
  ADD KEY `carriers$user_id_fk` (`user_id`),
  ADD KEY `carriers$status_id_fk` (`status_id`),
  ADD KEY `carriers$transfer_way_id_fk` (`transfer_way_id`);

--
-- Indexes for table `carriers_orders`
--
ALTER TABLE `carriers_orders`
  ADD PRIMARY KEY (`id`),
  ADD KEY `user_id` (`user_id`),
  ADD KEY `carrier_id` (`carrier_id`);

--
-- Indexes for table `city`
--
ALTER TABLE `city`
  ADD PRIMARY KEY (`CityId`),
  ADD KEY `country_id_fk` (`CountryId`);

--
-- Indexes for table `constant_table`
--
ALTER TABLE `constant_table`
  ADD PRIMARY KEY (`id`);

--
-- Indexes for table `country`
--
ALTER TABLE `country`
  ADD PRIMARY KEY (`CountryId`);

--
-- Indexes for table `cusromer_tour_stations`
--
ALTER TABLE `cusromer_tour_stations`
  ADD PRIMARY KEY (`id`),
  ADD KEY `customer_tour_id_fk` (`customer_tour_id`);

--
-- Indexes for table `customers_tours`
--
ALTER TABLE `customers_tours`
  ADD PRIMARY KEY (`id`),
  ADD KEY `customersTour$status_id_fk` (`status_id`),
  ADD KEY `customersTour$transfer_way_id_fk` (`transfer_way_id`),
  ADD KEY `customersTour$user_id_fk` (`user_id`);

--
-- Indexes for table `customers_tours_orders`
--
ALTER TABLE `customers_tours_orders`
  ADD PRIMARY KEY (`id`),
  ADD KEY `customersTourOrders$customer_tour_id_fk` (`customer_tour_id`),
  ADD KEY `customersTourOrders$user_id_fk` (`user_id`);

--
-- Indexes for table `customer_tour_images`
--
ALTER TABLE `customer_tour_images`
  ADD PRIMARY KEY (`id`);

--
-- Indexes for table `evaluations`
--
ALTER TABLE `evaluations`
  ADD PRIMARY KEY (`id`),
  ADD KEY `carrier_id` (`carrier_id`),
  ADD KEY `user_id` (`user_id`);

--
-- Indexes for table `evaluations_customers`
--
ALTER TABLE `evaluations_customers`
  ADD PRIMARY KEY (`id`),
  ADD KEY `evaluations$customer_id_fk` (`customer_id`),
  ADD KEY `user_id` (`user_id`);

--
-- Indexes for table `notifications`
--
ALTER TABLE `notifications`
  ADD PRIMARY KEY (`id`),
  ADD KEY `notifications$admin_id_fk` (`admin_id`);

--
-- Indexes for table `tour_repeats`
--
ALTER TABLE `tour_repeats`
  ADD PRIMARY KEY (`id`),
  ADD KEY `tour_id_fk` (`tour_id`);

--
-- Indexes for table `users`
--
ALTER TABLE `users`
  ADD PRIMARY KEY (`id`),
  ADD KEY `status_id_fk` (`status_id`);

--
-- AUTO_INCREMENT for dumped tables
--

--
-- AUTO_INCREMENT for table `admins`
--
ALTER TABLE `admins`
  MODIFY `id` int(11) NOT NULL AUTO_INCREMENT, AUTO_INCREMENT=7;

--
-- AUTO_INCREMENT for table `advertisments`
--
ALTER TABLE `advertisments`
  MODIFY `id` int(11) NOT NULL AUTO_INCREMENT, AUTO_INCREMENT=5;

--
-- AUTO_INCREMENT for table `carriers`
--
ALTER TABLE `carriers`
  MODIFY `id` int(11) NOT NULL AUTO_INCREMENT, AUTO_INCREMENT=3;

--
-- AUTO_INCREMENT for table `carriers_orders`
--
ALTER TABLE `carriers_orders`
  MODIFY `id` int(11) NOT NULL AUTO_INCREMENT, AUTO_INCREMENT=12;

--
-- AUTO_INCREMENT for table `constant_table`
--
ALTER TABLE `constant_table`
  MODIFY `id` int(11) NOT NULL AUTO_INCREMENT, AUTO_INCREMENT=24;

--
-- AUTO_INCREMENT for table `country`
--
ALTER TABLE `country`
  MODIFY `CountryId` int(11) NOT NULL AUTO_INCREMENT, AUTO_INCREMENT=223;

--
-- AUTO_INCREMENT for table `cusromer_tour_stations`
--
ALTER TABLE `cusromer_tour_stations`
  MODIFY `id` int(11) NOT NULL AUTO_INCREMENT, AUTO_INCREMENT=13;

--
-- AUTO_INCREMENT for table `customers_tours`
--
ALTER TABLE `customers_tours`
  MODIFY `id` int(11) NOT NULL AUTO_INCREMENT, AUTO_INCREMENT=83;

--
-- AUTO_INCREMENT for table `customers_tours_orders`
--
ALTER TABLE `customers_tours_orders`
  MODIFY `id` int(11) NOT NULL AUTO_INCREMENT, AUTO_INCREMENT=8;

--
-- AUTO_INCREMENT for table `customer_tour_images`
--
ALTER TABLE `customer_tour_images`
  MODIFY `id` int(11) NOT NULL AUTO_INCREMENT, AUTO_INCREMENT=12;

--
-- AUTO_INCREMENT for table `evaluations`
--
ALTER TABLE `evaluations`
  MODIFY `id` int(11) NOT NULL AUTO_INCREMENT, AUTO_INCREMENT=2;

--
-- AUTO_INCREMENT for table `evaluations_customers`
--
ALTER TABLE `evaluations_customers`
  MODIFY `id` int(11) NOT NULL AUTO_INCREMENT, AUTO_INCREMENT=3;

--
-- AUTO_INCREMENT for table `notifications`
--
ALTER TABLE `notifications`
  MODIFY `id` int(11) NOT NULL AUTO_INCREMENT, AUTO_INCREMENT=14;

--
-- AUTO_INCREMENT for table `tour_repeats`
--
ALTER TABLE `tour_repeats`
  MODIFY `id` int(11) NOT NULL AUTO_INCREMENT, AUTO_INCREMENT=3;

--
-- AUTO_INCREMENT for table `users`
--
ALTER TABLE `users`
  MODIFY `id` int(11) NOT NULL AUTO_INCREMENT, AUTO_INCREMENT=11;

--
-- Constraints for dumped tables
--

--
-- Constraints for table `carriers`
--
ALTER TABLE `carriers`
  ADD CONSTRAINT `carriers$status_id_fk` FOREIGN KEY (`status_id`) REFERENCES `constant_table` (`id`),
  ADD CONSTRAINT `carriers$transfer_way_id_fk` FOREIGN KEY (`transfer_way_id`) REFERENCES `constant_table` (`id`),
  ADD CONSTRAINT `carriers$user_id_fk` FOREIGN KEY (`user_id`) REFERENCES `users` (`id`);

--
-- Constraints for table `carriers_orders`
--
ALTER TABLE `carriers_orders`
  ADD CONSTRAINT `carriers_orders$carrier_id_fk` FOREIGN KEY (`carrier_id`) REFERENCES `carriers` (`id`),
  ADD CONSTRAINT `carriers_orders$user_id_fk` FOREIGN KEY (`user_id`) REFERENCES `users` (`id`);

--
-- Constraints for table `city`
--
ALTER TABLE `city`
  ADD CONSTRAINT `country_id_fk` FOREIGN KEY (`CountryId`) REFERENCES `country` (`CountryId`);

--
-- Constraints for table `cusromer_tour_stations`
--
ALTER TABLE `cusromer_tour_stations`
  ADD CONSTRAINT `customer_tour_id_fk` FOREIGN KEY (`customer_tour_id`) REFERENCES `customers_tours` (`id`);

--
-- Constraints for table `customers_tours`
--
ALTER TABLE `customers_tours`
  ADD CONSTRAINT `customersTour$status_id_fk` FOREIGN KEY (`status_id`) REFERENCES `constant_table` (`id`),
  ADD CONSTRAINT `customersTour$transfer_way_id_fk` FOREIGN KEY (`transfer_way_id`) REFERENCES `constant_table` (`id`),
  ADD CONSTRAINT `customersTour$user_id_fk` FOREIGN KEY (`user_id`) REFERENCES `users` (`id`);

--
-- Constraints for table `customers_tours_orders`
--
ALTER TABLE `customers_tours_orders`
  ADD CONSTRAINT `customersTourOrders$customer_tour_id_fk` FOREIGN KEY (`customer_tour_id`) REFERENCES `customers_tours` (`id`),
  ADD CONSTRAINT `customersTourOrders$user_id_fk` FOREIGN KEY (`user_id`) REFERENCES `users` (`id`);

--
-- Constraints for table `evaluations`
--
ALTER TABLE `evaluations`
  ADD CONSTRAINT `evaluations$carrier_id_fk` FOREIGN KEY (`carrier_id`) REFERENCES `carriers` (`id`),
  ADD CONSTRAINT `evaluations$user_id_fk` FOREIGN KEY (`user_id`) REFERENCES `users` (`id`) ON DELETE NO ACTION ON UPDATE NO ACTION;

--
-- Constraints for table `evaluations_customers`
--
ALTER TABLE `evaluations_customers`
  ADD CONSTRAINT `evaluations$customer_id_fk` FOREIGN KEY (`customer_id`) REFERENCES `customers_tours` (`id`);

--
-- Constraints for table `notifications`
--
ALTER TABLE `notifications`
  ADD CONSTRAINT `notifications$admin_id_fk` FOREIGN KEY (`admin_id`) REFERENCES `admins` (`id`);

--
-- Constraints for table `tour_repeats`
--
ALTER TABLE `tour_repeats`
  ADD CONSTRAINT `tour_id_fk` FOREIGN KEY (`tour_id`) REFERENCES `customers_tours` (`id`);

--
-- Constraints for table `users`
--
ALTER TABLE `users`
  ADD CONSTRAINT `status_id_fk` FOREIGN KEY (`status_id`) REFERENCES `constant_table` (`id`) ON DELETE NO ACTION ON UPDATE NO ACTION;
COMMIT;

/*!40101 SET CHARACTER_SET_CLIENT=@OLD_CHARACTER_SET_CLIENT */;
/*!40101 SET CHARACTER_SET_RESULTS=@OLD_CHARACTER_SET_RESULTS */;
/*!40101 SET COLLATION_CONNECTION=@OLD_COLLATION_CONNECTION */;
